Title,Slug,Content,Excerpt,Author,Publish Date,Featured Image,Meta Description,Status,Featured,Category
How to Choose a Home Care Agency: A Complete Guide for Families,how-to-choose-a-home-care-agency,"The moment arrives differently for every family. Maybe your mother fell in the kitchen and you realized she can no longer manage alone. Maybe your father's doctor mentioned that daily tasks are becoming unsafe. Or maybe the signs have been building quietly for months — missed medications, an unkempt house, weight loss, confusion — and you have finally acknowledged that something needs to change.

Whatever brought you here, you are now facing one of the most consequential decisions a family can make: choosing someone to care for the person you love in their own home.

This guide will walk you through every step of that decision, from understanding what your loved one actually needs to evaluating agencies, asking the right questions, and ultimately making a choice you can feel confident about.

## Step 1: Assess Your Loved One's Needs

Before you contact a single agency, take time to understand exactly what kind of help is needed. Home care is not one-size-fits-all, and the type of care required will shape which agencies are the right fit.

### Activities of Daily Living (ADLs)

These are the basic self-care tasks that define personal care needs:

- **Bathing and showering.** Can your loved one bathe safely without assistance? Are they actually bathing regularly, or avoiding it because it feels unsafe?
- **Dressing.** Can they manage buttons, zippers, and shoes independently? Are they wearing the same clothes for days?
- **Grooming.** Are they brushing teeth, combing hair, and maintaining basic hygiene?
- **Toileting.** Do they need help getting to the bathroom? Are there incontinence issues?
- **Eating.** Can they feed themselves? Are they eating at all, or are you finding expired food and empty cabinets?
- **Mobility.** Can they move safely around the house? Are they at risk of falling?

### Instrumental Activities of Daily Living (IADLs)

These are the more complex tasks required to live independently:

- **Meal preparation.** Can they plan and cook nutritious meals?
- **Medication management.** Are they taking the right medications at the right times?
- **Housekeeping.** Is the home reasonably clean and free of safety hazards?
- **Transportation.** Can they get to medical appointments, the pharmacy, and the grocery store?
- **Managing finances.** Are bills being paid? Are they vulnerable to scams?
- **Communication.** Can they use the phone to call for help if needed?

### Cognitive and Behavioral Needs

If your loved one has been diagnosed with Alzheimer's disease, dementia, or another cognitive condition, their care needs are fundamentally different. Memory care requires specialized training, structured routines, and caregivers who understand how to manage confusion, agitation, wandering, and sundowning behaviors.

### How Many Hours of Care Are Needed?

Think honestly about the gap between what your loved one can do safely and what they need help with:

- **A few hours per week** — companionship, light housekeeping, meal prep, medication reminders
- **Several hours daily** — personal care assistance, more substantial household support
- **Full-time or live-in care** — around-the-clock supervision and assistance with most daily activities
- **Overnight care** — specifically for seniors who are unsafe alone at night due to wandering, falls, or medical events

Write down your assessment. This becomes your starting point when talking to agencies.

## Step 2: Understand the Types of Home Care

Not all home care agencies provide the same services, and the terminology can be confusing.

### Non-Medical Home Care

This is what most people mean when they say ""home care."" Non-medical caregivers (sometimes called home health aides or personal care aides) help with:

- Personal care (bathing, dressing, grooming)
- Companion care (conversation, social engagement, activities)
- Homemaking (cleaning, laundry, cooking)
- Transportation (appointments, errands, outings)
- Medication reminders (not administration)

Non-medical home care agencies are regulated at the state level, and licensing requirements vary significantly from state to state.

### Home Health Care

Home health care involves skilled medical services provided in the home, typically ordered by a physician. This includes:

- Nursing care (wound care, injections, IV therapy)
- Physical therapy
- Occupational therapy
- Speech therapy

Home health care is often covered by Medicare for limited periods following a hospitalization or change in medical condition. It is a distinct service from non-medical home care, though some agencies provide both.

### Which Type Do You Need?

Most families searching for home care need non-medical personal care and companionship. If your loved one needs skilled nursing or therapy, ask their physician about home health referrals. Many families use both — home health for medical needs and non-medical home care for daily living support.

## Step 3: Research Agencies in Your Area

Once you understand what kind of care you need, start building a list of agencies to evaluate.

### Where to Look

- **Online directories.** Sites like Senior Home Care Finder let you search by city and filter by service type.
- **Your loved one's physician.** Doctors and discharge planners frequently recommend agencies they trust.
- **Area Agency on Aging.** Every state has a network of Area Agencies on Aging (AAAs) that can provide local referrals. Call the Eldercare Locator at 1-800-677-1116.
- **Hospital discharge planners.** If your loved one is leaving the hospital, the discharge team will have a list of agencies they work with.
- **Word of mouth.** Ask friends, neighbors, and members of your faith community. Personal recommendations from someone who has used an agency are invaluable.

### What to Look for Initially

As you build your list, note these basics for each agency:

- **Services offered.** Does the agency provide the specific type of care your loved one needs?
- **Service area.** Does the agency serve your loved one's location?
- **Availability.** Can they start care when you need it? Some agencies have waitlists.
- **Licensing.** Is the agency licensed in your state? (Not all states require licensing for non-medical home care, but choosing a licensed agency provides an additional layer of accountability.)

Narrow your list to three to five agencies, then move to in-depth evaluation.

## Step 4: Ask the Right Questions

The quality of a home care agency reveals itself in the details. Here are the questions that matter most, organized by category.

### About the Caregivers

These are the people who will be in your loved one's home, often for hours at a time. The agency's hiring and training practices are critically important.

- **How do you screen caregivers?** Look for agencies that conduct criminal background checks, verify references, and check driving records. Ask whether they use state and federal databases.
- **What training do caregivers receive?** Some agencies require only the state minimum; others invest in ongoing training in dementia care, fall prevention, chronic disease management, and CPR/first aid.
- **Are caregivers employees or independent contractors?** This matters more than you might think. If caregivers are employees, the agency handles payroll taxes, workers' compensation insurance, and liability coverage. If they are independent contractors, you may be responsible for some of those obligations — and the agency has less control over caregiver quality.
- **How do you match caregivers to clients?** The best agencies consider personality, skills, language, cultural background, and specific care needs when making assignments.
- **What happens if the caregiver is sick or on vacation?** A good agency has backup systems so your loved one is never left without care.
- **Can we request a different caregiver if the match is not working?** The answer should always be yes, without penalty.

### About the Agency

- **How long has the agency been in business?** Longevity is not a guarantee of quality, but agencies that have been operating for several years have a track record you can evaluate.
- **Is the agency bonded and insured?** This protects you if a caregiver is injured in your loved one's home or if property is damaged or stolen.
- **Do you have any accreditations?** Joint Commission, CHAP (Community Health Accreditation Partner), and BBB accreditation indicate the agency has voluntarily met quality standards beyond the minimum.
- **How do you handle complaints?** Ask about their formal complaint process. A good agency takes concerns seriously and responds promptly.
- **Can you provide references from current or former clients?** Be wary of agencies that cannot or will not provide references.

### About the Care Plan

- **Do you create a written care plan?** The care plan should detail exactly what services will be provided, when, and by whom. It should be developed in consultation with the family and updated regularly.
- **How often is the care plan reviewed?** Needs change. The care plan should be reassessed at least every 90 days, or sooner if the client's condition changes.
- **Does a supervisor visit the home?** Reputable agencies send a nurse or care manager to assess the client's needs before care begins and conduct periodic supervisory visits to ensure quality.
- **How do you communicate with families?** Some agencies provide online portals or apps where families can see caregiver check-in/check-out times, daily notes, and care plan updates. This transparency is valuable, especially for families managing care from a distance.

### About Cost and Payment

- **What do you charge per hour?** Rates vary widely by location and service type. Get the full rate schedule in writing.
- **Is there a minimum number of hours per visit?** Many agencies require a 3- or 4-hour minimum per visit.
- **Do you accept long-term care insurance?** If your loved one has a long-term care insurance policy, find out whether the agency will bill the insurer directly.
- **Do you accept Medicaid or VA benefits?** Eligibility varies by state and individual circumstances, but some agencies participate in Medicaid waiver programs or the VA's home care benefits.
- **Are there additional fees?** Ask about holiday rates, overtime charges, and any administrative or startup fees.

## Step 5: Evaluate and Compare

After interviewing your top agencies, create a simple comparison. Consider:

| Factor | What to Compare |
|--------|----------------|
| Caregiver screening | Background checks, reference verification, training requirements |
| Supervision | Frequency of supervisory visits, care plan reviews |
| Communication | Family updates, online portals, responsiveness to calls |
| Flexibility | Ability to adjust hours, change caregivers, modify care plans |
| Reputation | Online reviews, references, years in business, accreditations |
| Cost | Hourly rate, minimums, insurance billing, hidden fees |
| Availability | Can they start when you need? Weekend/holiday coverage? |

### Red Flags to Watch For

Be cautious if an agency:

- **Will not provide references** or becomes defensive when you ask questions
- **Cannot explain their caregiver screening process** in detail
- **Pressures you to sign a long-term contract** before you have had time to evaluate the service
- **Does not conduct an in-home assessment** before starting care
- **Has consistently poor online reviews** citing the same problems (unreliable caregivers, poor communication, billing disputes)
- **Cannot provide proof of insurance and bonding**
- **Sends a caregiver without introducing them to the family first**

### Green Flags That Indicate Quality

Feel more confident about an agency that:

- **Invites you to meet the proposed caregiver** before care begins
- **Provides a detailed, written care plan** and explains how it will be updated
- **Has a dedicated care coordinator** you can contact with questions
- **Offers a satisfaction guarantee** or trial period
- **Checks in proactively** to ask how things are going, rather than waiting for you to call with problems
- **Has low caregiver turnover** — this is one of the strongest indicators of a well-run agency

## Step 6: Start Care and Monitor Quality

Choosing an agency is not the end of the process — it is the beginning of an ongoing relationship that requires attention.

### The First Week

- Be present for the first visit if possible. Introduce the caregiver to your loved one and walk through the home together.
- Review the care plan with the caregiver and clarify expectations.
- Make sure the caregiver knows your loved one's preferences, routines, dietary restrictions, and any safety concerns.
- Leave clear contact information for the family and the agency.

### Ongoing Monitoring

- **Talk to your loved one.** Ask how they feel about the caregiver. Are they comfortable? Do they look forward to the visits or dread them?
- **Observe changes.** Is your loved one cleaner, better nourished, and more engaged than before? Or do you notice signs of neglect or decline?
- **Communicate with the agency.** Report any concerns promptly. A good agency will respond quickly and make adjustments.
- **Review the care plan regularly.** As your loved one's needs evolve, the care plan should evolve with them.

### When to Make a Change

If you are consistently dissatisfied with the quality of care — unreliable scheduling, untrained caregivers, poor communication, or a caregiver who simply is not the right fit — do not hesitate to request a change. Start with the agency. If the problems persist, it may be time to switch agencies entirely.

Changing agencies feels difficult, but your loved one's safety and wellbeing come first.

## The Decision That Matters Most

Choosing a home care agency can feel overwhelming, especially when you are making the decision during a stressful time. But here is what matters most: you are making it. You are taking action to ensure that someone you love receives the support they need to live safely and with dignity in their own home.

There is no perfect agency. But by understanding your loved one's needs, asking the right questions, and paying attention to the quality of care once it begins, you can find an agency that becomes a trusted partner in your family's caregiving journey.

Start your search today. Browse agencies in your area on [Senior Home Care Finder](/) to compare services, read reviews, and find the right fit for your family.","Choosing a home care agency is one of the most important decisions your family will make. This comprehensive guide walks you through every step of the process, from understanding your loved one's needs to evaluating agencies and making a confident choice.",Senior Home Care Finder Staff,3/19/2026,https://res.cloudinary.com/dnmrgvjdm/image/upload/v1773946629/SeniorGuide_qz7otj.png,"Choosing a home care agency is one of the most important decisions your family will make. Learn what to look for, what questions to ask, and how to evaluate agencies before you commit.",Published,,Guides
10 Signs Your Aging Parent May Need Home Care,signs-your-parent-needs-home-care,"It often happens gradually. One visit, you notice the dishes are piling up. The next, there is a strange smell in the refrigerator. Then you get a phone call from a neighbor who says your mother seemed confused at the mailbox. None of these things alone feels like a crisis, but together they paint a picture that is hard to ignore: your aging parent may need more help than they are currently getting.

If you are an adult child trying to figure out whether it is time to bring in professional in-home care, you are not alone. Millions of families face this exact question every year, and it is rarely straightforward. Guilt, denial, family dynamics, and your parent's own resistance can all cloud the picture. This guide is designed to help you look past the emotions and focus on the concrete, observable signs that suggest professional care could make a real difference in your parent's safety and quality of life.

## 1. Declining Personal Hygiene

One of the earliest and most telling signs is a noticeable change in personal grooming. A parent who was always well-dressed and neatly groomed may start wearing the same clothes for days, skipping showers, or neglecting dental care. You might notice body odor, unkempt hair, or long, untrimmed nails.

This shift does not always mean your parent has stopped caring about their appearance. It can indicate physical limitations like difficulty stepping in and out of a bathtub, pain when raising arms to wash hair, or trouble with fine motor tasks like buttoning shirts. It can also be a sign of cognitive decline or depression. Whatever the cause, it is a clear signal that daily living tasks are becoming harder to manage alone.

## 2. Unexplained Weight Loss or Poor Nutrition

Take a look inside your parent's refrigerator and pantry. Are there expired foods? Is the fridge nearly empty, or filled with items that require no preparation, like crackers and canned soup? Have you noticed that your parent seems thinner than the last time you visited?

Unintentional weight loss in older adults is a serious concern. It can result from difficulty cooking, forgetting to eat, trouble chewing or swallowing, medication side effects, or the simple exhaustion of preparing meals alone. A professional caregiver can help with meal planning, grocery shopping, and cooking nutritious meals that meet your parent's dietary needs.

### What to Look For

- Spoiled or expired food in the kitchen
- Significant weight change over a short period
- A noticeable shift toward eating only snacks or convenience foods
- Skipping meals regularly
- Dehydration signs like dry skin, dark urine, or dizziness

## 3. Increased Falls or Balance Problems

Falls are the leading cause of injury among adults over 65, and they are often a turning point for families considering home care. If your parent has fallen recently, even without serious injury, it warrants close attention. Look for unexplained bruises, a new reluctance to walk or move around the house, or furniture rearranged to create handholds.

A single fall can shatter an older person's confidence and lead to a cycle of reduced mobility, muscle weakness, and even more falls. A home care aide can assist with mobility, accompany your parent on walks, help with exercises recommended by a physical therapist, and make sure the home environment is as fall-proof as possible.

## 4. Medication Mismanagement

Managing multiple medications is one of the most complex tasks older adults face. If your parent is taking the wrong doses, skipping medications, doubling up, or mixing up pills, the consequences can be dangerous. Signs of medication mismanagement include:

- Pill bottles that are fuller or emptier than they should be
- Medications scattered on counters or in unusual places
- Confusion about what each medication is for
- New or worsening symptoms that could be side effects
- Refill requests that come too early or too late

A trained caregiver can provide medication reminders, organize pillboxes, and keep track of prescriptions and refill schedules. This alone can prevent hospitalizations and significantly improve your parent's health outcomes.

## 5. Withdrawal from Social Activities

Has your parent stopped attending church, skipping their weekly card game, or declining invitations from friends? Social withdrawal in older adults is often dismissed as a natural part of aging, but it is frequently a sign of something deeper: depression, cognitive decline, physical limitations that make getting out difficult, or embarrassment about memory lapses.

Isolation can accelerate both mental and physical decline. A companion caregiver can provide regular social interaction, accompany your parent to activities, and help them stay connected to the community and relationships that give life meaning.

## 6. A Home in Disarray

Walk through your parent's house with fresh eyes. Is the home noticeably messier or dirtier than it used to be? Look for:

- Piles of unopened mail or unpaid bills
- Laundry left undone for extended periods
- Dusty surfaces, dirty floors, or cluttered walkways
- An unkempt yard or garden that was previously well-maintained
- Burned pots or pans, suggesting forgotten cooking
- Unusual odors from trash that has not been taken out

A messy home does not mean your parent is lazy. It means the physical and cognitive demands of housekeeping have exceeded their capacity. Home care services often include light housekeeping, laundry, and errands that can restore both safety and dignity to your parent's living environment.

## 7. Difficulty Managing Finances

Financial mismanagement is one of the more alarming signs, and it can have lasting consequences. Watch for unpaid bills, late-payment notices, unusual bank withdrawals, bounced checks, or a sudden inability to handle tasks your parent managed easily for decades. You might also notice new and unexplained purchases, or signs that your parent is being targeted by scammers.

Cognitive decline often shows up in financial tasks before it becomes obvious in conversation, because managing money requires planning, sequencing, and judgment. While a home care aide does not typically manage finances, their presence in the home provides an extra layer of awareness. A caregiver may notice suspicious phone calls, help organize mail, and alert family members to concerns.

## 8. Changes in Mood or Personality

Aging can bring mood changes, but significant shifts deserve attention. If your normally even-tempered parent has become irritable, anxious, suspicious, or emotionally flat, something may be wrong. Depression is common and underdiagnosed in older adults. Early-stage dementia can also cause personality changes, including paranoia, agitation, or apathy.

### When Mood Changes Signal a Need for Help

- Persistent sadness or tearfulness lasting more than two weeks
- Loss of interest in activities they previously enjoyed
- Increased agitation or anger over minor frustrations
- Expressing feelings of being a burden
- Unusual suspicion of family members or neighbors

A professional caregiver who spends regular time with your parent can monitor mood patterns, provide companionship that combats loneliness, and help coordinate with healthcare providers when professional evaluation is needed.

## 9. Difficulty with Mobility and Transportation

Can your parent still drive safely? Are they able to get to medical appointments, the grocery store, and the pharmacy? Many older adults give up driving gradually, first avoiding night driving, then highways, then unfamiliar routes, until their world shrinks to the few blocks around their home.

Even if your parent is no longer driving, limited mobility within the home is equally concerning. Difficulty getting in and out of chairs, navigating stairs, or walking to the bathroom at night creates real safety risks. A home care aide can provide transportation to appointments, help with safe transfers and mobility around the home, and ensure your parent is not trapped by their own physical limitations.

## 10. Caregiver Burnout in the Family

This last sign is not about your parent at all. It is about you and your family. If you or a sibling are providing regular care and feeling exhausted, overwhelmed, resentful, or stretched thin between your parent's needs and your own family and career, that is itself a sign that professional help is needed.

Family caregiving is an act of love, but it is not sustainable without support. Burnout leads to health problems for the caregiver, strained relationships, and ultimately lower-quality care for the person who needs it. Bringing in professional home care is not giving up. It is making sure your parent gets consistent, skilled care while you preserve your own health and your relationship with them.

## The Challenge of Having the Conversation

Recognizing the signs is only half the battle. Bringing up the topic of home care with an aging parent can feel like one of the hardest conversations you will ever have. Many older adults resist the idea because they associate it with losing independence. Here are a few tips that can help:

### Start Early and Start Small

Do not wait until a crisis forces the issue. Bring up the idea of help casually, well before it becomes urgent. Frame it in terms of what your parent can gain, not what they are losing. A caregiver can mean more freedom, not less, if it means they can stay safely in their own home rather than moving to a facility.

### Focus on Specifics, Not Generalizations

Instead of saying ""you need help,"" try pointing to a concrete situation: ""I noticed the bills have been piling up, and I want to make sure nothing gets missed. What if we found someone who could help with that?"" Specifics feel less like a judgment and more like problem-solving.

### Listen More Than You Talk

Your parent's fears and objections are valid. They may worry about strangers in their home, the cost, or what it means about their future. Give them space to express these concerns, and address them honestly. Many home care arrangements start with just a few hours a week, which can ease the transition.

### Involve Them in the Decision

Whenever possible, let your parent be part of choosing their caregiver. Feeling in control of the process can make a significant difference in how they respond to receiving care.

## What to Do Next

If you have recognized several of these signs in your own parent, the next step is not to panic. It is to gather information and explore your options. Here is a practical path forward:

**Talk to your parent's doctor.** Share your observations and ask for a professional assessment. A physician can evaluate cognitive function, review medications, screen for depression, and provide referrals.

**Have a family meeting.** Get siblings and other close family members on the same page about what you are observing and what kind of help might be needed. Dividing responsibilities and setting a plan together reduces conflict later.

**Research home care options in your parent's area.** The type of care your parent needs will depend on their specific situation. Some families need a companion caregiver for a few hours a week. Others need daily assistance with bathing, dressing, and medication management. Some situations require skilled nursing care. Understanding the spectrum of services available will help you make an informed choice.

**Interview multiple agencies.** Ask about caregiver screening and training, backup staffing plans, supervision practices, and how they handle changes in your parent's needs. A good agency will welcome your questions and provide clear answers.

**Start with a trial period.** Most home care agencies offer flexible scheduling. Beginning with a few hours a week allows your parent to adjust and gives you a chance to evaluate the quality of care before committing to a larger schedule.

## Finding the Right Home Care Agency

Choosing a home care provider is one of the most important decisions you will make for your parent. The right agency will not only meet your parent's physical needs but also treat them with the warmth, patience, and respect they deserve. The wrong one can create new problems rather than solving existing ones.

The best way to start your search is to look at agencies that serve your parent's specific city and neighborhood. Local agencies understand the community, can respond quickly, and often provide more personalized service than large national chains.

At [Senior Home Care Finder](https://seniorhomecarefinder.com), we maintain a comprehensive directory of licensed home care agencies across the country, organized by state and city. Each listing includes details about services offered, payment options accepted, languages spoken, and contact information, so you can quickly identify agencies that match your parent's needs.

## You Are Not Alone in This

Watching a parent age is one of life's most difficult experiences, and deciding to seek professional help can feel like an enormous step. But for most families, bringing in home care turns out to be a relief, not just for the adult children but for the aging parent as well. Having a skilled, compassionate caregiver in the home can restore dignity, safety, and even joy to a daily routine that had become a struggle.

Trust what you are seeing. If the signs are there, acting sooner rather than later gives your parent the best chance of staying safely and comfortably in the home they love.

Browse trusted home care agencies near your parent by visiting our [state-by-state directory](https://seniorhomecarefinder.com) and finding providers in their city today.",Recognizing when a parent needs help is one of the hardest things adult children face. Here are 10 warning signs that suggest it may be time to explore professional in-home care.,Senior Home Care Finder Staff,3/24/2026,https://res.cloudinary.com/dnmrgvjdm/image/upload/v1773955447/SignsParents_wg562a.png,Not sure if your aging parent needs help? Learn the 10 warning signs that indicate it may be time to consider professional in-home care services.,Published,,Family Caregiving
Understanding Respite Care: A Lifeline for Family Caregivers,understanding-respite-care,"If you are a family caregiver, you already know the weight of it. The early mornings, the late nights, the constant mental checklist of medications, appointments, meals, and safety concerns. You do it because you love the person in your care, but that does not mean it is easy. And it does not mean you can do it alone forever.

Respite care exists for exactly this reason. It provides temporary relief for family caregivers by bringing in a trained professional — or by moving your loved one to a supervised setting for a short period — so you can step away, rest, and return to caregiving with renewed energy. It is not a luxury. For millions of family caregivers across the country, it is a necessity.

## What Is Respite Care?

Respite care is any temporary care arrangement that gives a primary caregiver time off from their caregiving duties. It can last a few hours, a full day, a weekend, or even several weeks. The goal is simple: make sure the person receiving care continues to be safe and supported while the caregiver attends to their own needs.

Unlike long-term home care or assisted living placement, respite care is designed to be short-term and intermittent. You are not handing off your caregiving role permanently. You are taking a planned break so you can sustain that role over time.

Respite care can be scheduled on a recurring basis — say, every Tuesday afternoon — or arranged as needed when life demands it. A medical appointment of your own, a family event, a vacation, or simply an afternoon to sleep and recharge are all valid reasons to use respite services.

## Who Needs Respite Care?

The short answer is that nearly every family caregiver can benefit from it. According to the AARP, more than 53 million Americans serve as unpaid family caregivers, and the majority of them provide care without any formal support. The emotional, physical, and financial toll is well documented.

### Recognizing Caregiver Burnout

Caregiver burnout is not a vague concept. It is a recognized condition with measurable consequences. Research from the National Alliance for Caregiving shows that:

- **40 percent of family caregivers** report high emotional stress related to their caregiving duties.
- **One in five caregivers** reports that caregiving has made their own health worse.
- Caregivers are more likely to experience depression, anxiety, sleep disorders, and chronic health conditions than non-caregivers of the same age.
- Spousal caregivers who experience high levels of caregiving strain have a **63 percent higher mortality rate** than non-caregivers, according to a frequently cited study in the Journal of the American Medical Association.

These are not numbers designed to frighten you. They are a reminder that taking care of yourself is not selfish — it is essential. You cannot pour from an empty cup, and respite care is one of the most effective tools for keeping that cup from running dry.

### Common Situations Where Respite Care Helps

Respite care is valuable in a wide range of caregiving scenarios:

- **Caring for a parent with dementia or Alzheimer's disease.** The demands of dementia caregiving are especially intense, often requiring 24-hour supervision and constant redirection. Even a few hours of weekly respite can make a meaningful difference.
- **Supporting a spouse after surgery or during a chronic illness.** When a partner needs significant daily assistance, the caregiving spouse often neglects their own medical appointments and social connections.
- **Long-distance caregiving coordination.** If you are managing a parent's care from another city, respite services can fill the gaps between your visits.
- **Preventing caregiver isolation.** Many family caregivers gradually withdraw from friendships, hobbies, and community activities. Scheduled respite time creates space to maintain those connections.
- **Managing work and caregiving simultaneously.** Nearly 60 percent of family caregivers also hold paying jobs. Respite care can bridge the hours when work and caregiving overlap.

## Types of Respite Care

Not all respite care looks the same. The right option depends on your loved one's needs, your schedule, and what is available in your area.

### In-Home Respite Care

This is the most common form of respite care and often the most comfortable for the person receiving it. A trained caregiver comes to your loved one's home and provides the same type of support you would — help with meals, personal care, medication reminders, companionship, and supervision.

In-home respite care is ideal when your loved one is most comfortable in familiar surroundings, particularly if they have dementia or mobility limitations that make travel difficult. It also works well for shorter respite periods, such as a few hours during the day or an overnight stay.

Home care agencies that provide ongoing personal care or companion care services typically also offer respite care. Many agencies can accommodate both scheduled recurring visits and last-minute requests, though availability varies.

### Adult Day Care Centers

Adult day care centers provide supervised care in a group setting during daytime hours, usually from morning through late afternoon on weekdays. These programs offer structured activities, social interaction, meals, and in many cases health monitoring services like medication management and physical therapy.

For caregivers who work during the day, adult day care can serve as a reliable, recurring form of respite. It also benefits the person receiving care by reducing social isolation and providing cognitive and physical stimulation that they may not get at home.

Adult day care centers vary widely in their programming and the level of care they provide. Some specialize in serving individuals with dementia, while others focus on general wellness and socialization. Visiting a center in person before enrolling is strongly recommended.

### Residential Respite Care (Short-Term Stays)

Some assisted living facilities, nursing homes, and memory care communities offer short-term residential stays specifically for respite purposes. Your loved one stays at the facility for a defined period — typically anywhere from a weekend to several weeks — and receives full-time professional care during that time.

Residential respite is particularly useful when you need an extended break, such as for travel, surgery recovery, or a family obligation that takes you out of town. It also provides an opportunity for your loved one to experience a residential care setting without making a permanent commitment, which can be helpful if you are considering a future transition to assisted living.

These stays are usually subject to availability, so planning ahead is important. Many facilities require a health assessment before admission, even for short-term respite.

### Informal Respite

It is worth mentioning that respite does not always have to come from a professional source. Family members, friends, neighbors, and faith community volunteers can all provide informal respite by spending time with your loved one while you step away. While informal respite lacks the training and reliability of professional services, it can be a valuable supplement — especially for caregivers who are just beginning to acknowledge that they need help.

## How Much Does Respite Care Cost?

Cost is one of the first questions most caregivers ask, and the answer depends on the type of respite care and your location.

### Typical Cost Ranges

- **In-home respite care** generally costs between $20 and $40 per hour, depending on the region and the level of care provided. A full eight-hour day might run $160 to $320.
- **Adult day care centers** typically charge $75 to $150 per day, with some variation based on the services included.
- **Residential respite care** can range from $150 to $400 or more per day, similar to the daily rate at an assisted living facility or skilled nursing facility.

These are national averages. Costs in major metropolitan areas tend to be higher, while rural areas may be lower but have fewer options available.

### Financial Assistance and Payment Options

The cost of respite care can feel daunting, but several programs exist to help offset it.

**Medicaid Home and Community-Based Services (HCBS) Waivers.** Many states offer Medicaid waiver programs that cover respite care for eligible individuals. These programs vary significantly from state to state in terms of eligibility requirements, the number of respite hours covered, and the types of respite included. Contact your state Medicaid office or your local Area Agency on Aging to learn what is available where you live.

**Veterans Affairs (VA) Benefits.** If the person receiving care is a veteran, the VA offers several respite care programs. The VA Caregiver Support Program provides up to 30 days of respite care per year for eligible veterans enrolled in VA health care. This can include in-home care, adult day care, or short-term nursing home stays. Contact the VA Caregiver Support Line at 1-855-260-3274 to learn more.

**Medicare.** Traditional Medicare does not cover most respite care, with one important exception: if the person receiving care is enrolled in Medicare hospice benefits, Medicare will pay for up to five consecutive days of inpatient respite care at a Medicare-approved facility.

**Long-term care insurance.** If your loved one has a long-term care insurance policy, review it carefully. Many policies cover respite care services, though the specifics vary by plan.

**The National Family Caregiver Support Program (NFCSP).** Funded through the Older Americans Act and administered by local Area Agencies on Aging, the NFCSP provides grants that can help pay for respite care and other caregiver support services. Eligibility and funding levels vary by location.

**Private pay.** When no other funding source is available, many families pay out of pocket. Even a few hours of paid respite per week can make a significant difference in a caregiver's well-being.

## How to Find Respite Care Providers

Finding the right respite care provider takes some research, but several resources can help you get started.

### Start With Your Local Area Agency on Aging

Every community in the United States is served by an Area Agency on Aging (AAA). These agencies are the single best starting point for finding respite care and other support services in your area. You can locate your local AAA by visiting the Eldercare Locator at eldercare.acl.gov or calling 1-800-677-1116.

### Search Home Care Agency Directories

Online directories allow you to search for home care agencies by location and filter by the services they provide. Look for agencies that specifically list respite care among their offerings and that serve your loved one's area.

### Ask Your Loved One's Doctor

Physicians, social workers, and discharge planners at hospitals and clinics often have referral lists of reputable respite care providers. If your loved one has a case manager or care coordinator, that person can be an especially valuable resource.

### Contact Local Nonprofits and Disease-Specific Organizations

Organizations like the Alzheimer's Association, the Parkinson's Foundation, and the ALS Association often maintain lists of respite care resources tailored to the needs of the populations they serve. Many also offer their own respite programs or grants to help families access care.

### Evaluate Providers Carefully

Once you have identified potential respite care providers, take time to evaluate them before committing. Key questions to ask include:

- What training do your caregivers receive, and do they have experience with my loved one's specific condition?
- Are your caregivers licensed, bonded, and insured?
- How do you handle emergencies?
- Can I meet the caregiver before the first visit?
- What is your cancellation policy?
- Can you accommodate specific routines, dietary needs, or medical requirements?

## Preparing for the First Respite Visit

The idea of leaving your loved one with someone new can be stressful, especially the first time. A little preparation goes a long way toward making the experience positive for everyone involved.

### Create a Care Information Sheet

Write down everything the respite caregiver needs to know. This should include:

- **Daily routine and preferences.** What time does your loved one wake up, eat meals, take medications, and go to bed? Do they have favorite activities or shows? Are there routines that help them feel calm and oriented?
- **Medical information.** List all current medications with dosages and timing, known allergies, and relevant medical conditions. Include the names and phone numbers of their primary care physician and any specialists.
- **Emergency contacts.** Provide your phone number, a backup contact, and the location of the nearest hospital.
- **Behavioral notes.** If your loved one has dementia, note any triggers for agitation, effective calming techniques, and common behaviors the caregiver should be aware of.

### Introduce the Caregiver Gradually

If possible, arrange for the respite caregiver to visit while you are still home. This allows your loved one to meet the new person in a low-pressure setting and gives you a chance to observe how they interact. Even a single introductory visit can dramatically reduce anxiety for everyone involved.

### Give Yourself Permission to Step Away

This may be the hardest part. Many caregivers feel guilty about taking time for themselves, even when they know they need it. Remind yourself that respite care is not a sign of failure. It is a strategy for sustainability. You are not abandoning your loved one — you are investing in your ability to continue being there for them.

The first time you use respite care, start small. Take a few hours to run errands, visit a friend, or simply sit in a quiet room. As you and your loved one become more comfortable with the arrangement, you can gradually extend the duration.

## Making Respite Care a Regular Part of Your Plan

The caregivers who benefit most from respite care are those who use it proactively rather than waiting until they are in crisis. Building regular respite into your caregiving schedule — even just a few hours a week — helps prevent burnout before it takes hold.

Think of respite care the way you would think of any other essential component of a care plan. It is not an indulgence. It is maintenance. Just as your loved one needs consistent medical care, nutrition, and social connection, you need consistent rest, autonomy, and time to attend to your own life.

If cost is a barrier, start by exploring the financial assistance programs listed above. Many families are surprised to learn that they qualify for support they did not know existed.

## Find Respite Care Providers Near You

If you are ready to explore respite care options in your area, Senior Home Care Finder can help. Browse our [directory of home care agencies](/agencies/) to find providers that offer respite care services in your city. You can search by location, compare services, and connect directly with agencies that understand the needs of family caregivers.

Taking a break is not giving up. It is the smartest thing you can do for yourself and for the person you love.
","If you are caring for an aging parent or spouse, respite care can give you the break you need to recharge. Here is everything you need to know about this essential service.",Senior Home Care Finder Staff,4/2/2026,https://res.cloudinary.com/dnmrgvjdm/image/upload/v1773956061/Respite_irddbt.png,"Respite care gives family caregivers a much-needed break. Learn what respite care is, how it works, what it costs, and how to find respite care providers near you.",Published,,Care Types
How to Pay for Home Care: A Complete Guide to Costs and Financial Options,how-to-pay-for-home-care,"Few things are more stressful than realizing a parent or spouse needs daily help at home and then confronting the question of how to pay for it. The emotional weight of arranging care is heavy enough. Adding financial uncertainty on top can feel overwhelming.

The good news is that more payment options exist than most families realize. Medicare, Medicaid, veterans benefits, insurance, tax advantages, and creative financial strategies can all reduce or even eliminate out-of-pocket costs depending on your situation. The challenge is understanding which programs apply to you and how to access them.

This guide lays out the real costs of home care, explains every major payment source in plain language, and offers practical strategies to make care more affordable. You do not need a finance degree to navigate this. You just need clear information, which is what follows.

## What Home Care Actually Costs

Before exploring how to pay, it helps to understand what you are paying for. Home care costs vary significantly based on where you live, what level of care is needed, and how many hours per week are required.

### National Averages

As of 2025, the national median cost for in-home care breaks down roughly as follows:

- **Home health aide (personal care):** $30 to $33 per hour
- **Homemaker/companion services:** $27 to $30 per hour
- **Skilled nursing visits:** $75 to $100 per visit

For a family needing 20 hours per week of personal care assistance, that translates to roughly $2,600 to $2,860 per month. Full-time care at 44 hours per week climbs to $5,720 to $6,300 monthly. Around-the-clock care can exceed $15,000 per month.

### Regional Differences

Geography plays a major role in cost. Some examples of hourly home health aide rates by region:

- **South (Mississippi, Alabama, Louisiana):** $20 to $25 per hour
- **Midwest (Ohio, Indiana, Iowa):** $25 to $30 per hour
- **Northeast (Massachusetts, Connecticut, New York):** $30 to $38 per hour
- **West Coast (California, Washington, Oregon):** $32 to $40 per hour
- **Alaska and Hawaii:** $35 to $45 per hour

Rural areas tend to cost less per hour but may have fewer available caregivers, which can limit scheduling flexibility. Urban areas cost more but generally offer a wider selection of agencies and caregivers.

### How Hours Add Up

Most families underestimate total costs because they start with a few hours per week and gradually increase. A common progression looks like this:

- **Early stage:** Companion care two to three times per week, 4 hours per visit. Cost: $800 to $1,200 per month.
- **Moderate needs:** Personal care five days per week, 4 to 6 hours per day. Cost: $2,200 to $4,000 per month.
- **Advanced needs:** Daily care, 8 to 12 hours per day, possibly with overnight coverage. Cost: $6,000 to $12,000 per month.

Understanding this trajectory matters because some payment sources cover only certain levels of care or have annual limits. Planning ahead, even roughly, gives you a better chance of assembling the right combination of funding.

## Medicare: What It Covers and What It Does Not

Medicare is the most misunderstood payment source for home care. Many families assume it will cover ongoing in-home assistance. In most cases, it will not.

### What Medicare Does Cover

Medicare Part A and Part B cover **home health services** when all of the following conditions are met:

- The patient is homebound (leaving home requires considerable effort).
- A doctor orders the care and certifies it as medically necessary.
- The care is provided by a Medicare-certified home health agency.
- The patient needs intermittent skilled nursing care, physical therapy, speech-language pathology, or occupational therapy.

When these criteria are met, Medicare covers skilled nursing visits, therapy sessions, medical social services, and some medical supplies at no cost to the patient. There is no copay and no deductible for home health services under Original Medicare.

### What Medicare Does Not Cover

Medicare does not pay for:

- **Custodial care** (help with bathing, dressing, eating, and other daily activities) unless it accompanies a skilled care need
- **24-hour home care**
- **Homemaker services** (cooking, cleaning, laundry)
- **Companion or respite care**
- **Personal care aides** providing only non-medical assistance

This is the critical gap. The type of care most families need long-term, someone to help Mom get dressed, prepare meals, and stay safe, is exactly what Medicare generally will not pay for. Medicare covers medical recovery, not ongoing daily assistance.

### Medicare Advantage Plans

Some Medicare Advantage (Part C) plans offer supplemental home care benefits that Original Medicare does not. These might include a set number of personal care hours per week, meal delivery, or transportation. Coverage varies widely by plan and region, so if your loved one has a Medicare Advantage plan, call the plan directly and ask what in-home support benefits are included.

## Medicaid Home and Community-Based Services (HCBS) Waivers

For families with limited income and assets, Medicaid is often the most significant source of home care funding. Unlike Medicare, Medicaid can and does pay for long-term personal care at home.

### How HCBS Waivers Work

Every state operates Medicaid differently, but most offer Home and Community-Based Services waivers that pay for in-home care as an alternative to nursing home placement. These waivers can cover:

- Personal care aides
- Homemaker services
- Adult day care
- Respite care for family caregivers
- Home modifications (grab bars, ramps)
- Medical equipment

The specific services, eligibility rules, and benefit amounts vary by state. Some states are far more generous than others.

### Eligibility

Medicaid eligibility depends on income and assets. General thresholds for 2025:

- **Income:** Typically below $2,829 per month for an individual (varies by state)
- **Assets:** Usually under $2,000 for an individual, though many states have raised or eliminated asset limits under recent federal guidance

Important: in many states, your loved one can qualify for Medicaid home care even if their income is somewhat above the standard threshold through a ""medically needy"" or ""spend-down"" pathway. A Medicaid planning attorney or your local Area Agency on Aging can help determine eligibility.

### The Waiting List Reality

The biggest obstacle to HCBS waivers is not eligibility but availability. Many states maintain waiting lists that stretch from several months to several years. Some states, like Texas, have had waiver waiting lists exceeding 100,000 people. Apply as early as possible, even if care is not yet urgent. Getting on the list costs nothing and preserves your place.

### Self-Directed Medicaid Programs

A growing number of states allow Medicaid recipients to hire their own caregivers, including family members, through self-directed care programs. If a spouse or adult child is already providing unpaid care, this can turn that into paid work. Ask your state Medicaid office about consumer-directed or participant-directed options.

## VA Aid and Attendance Benefit

If your loved one is a veteran or the surviving spouse of a veteran, the VA Aid and Attendance pension benefit can provide substantial monthly payments specifically for care needs.

### Benefit Amounts (2025)

- **Single veteran:** Up to $2,295 per month
- **Veteran with spouse:** Up to $2,727 per month
- **Surviving spouse of a veteran:** Up to $1,478 per month

These are tax-free payments that can be used to pay for in-home care, assisted living, or any care-related expense. There is no restriction on which agency or caregiver you use.

### Eligibility Requirements

To qualify, the veteran must have:

- Served at least 90 days of active duty, with at least one day during a wartime period
- An honorable discharge
- A medical need for assistance with daily activities
- Limited income and net worth (the 2025 net worth limit is approximately $155,356, excluding the primary home and vehicle)

The application process can take three to six months, so begin early. Veterans service organizations like the VFW, American Legion, and Disabled American Veterans offer free help with applications. Avoid companies that charge fees to file VA claims on your behalf.

## Long-Term Care Insurance

If your loved one purchased a long-term care insurance policy years ago, now is the time to use it. These policies are specifically designed to pay for the kind of daily assistance that Medicare does not cover.

### What Policies Typically Cover

Most long-term care insurance policies pay a daily or monthly benefit when the policyholder cannot independently perform two or more activities of daily living (bathing, dressing, eating, toileting, transferring, continence) or has a cognitive impairment like dementia.

Benefits usually range from $100 to $300 per day, with a maximum benefit period of two to five years. Some policies pay for family caregivers, though many require a licensed agency.

### How to File a Claim

- Contact the insurance company and request a claims packet.
- Have the policyholder's physician complete a certification of functional limitations.
- Submit care plans and invoices from the home care agency.
- Expect a 30- to 90-day elimination period (similar to a deductible) before benefits begin. During this waiting period, you pay out of pocket.

Review the policy carefully. Some older policies have inflation protection riders that have increased the daily benefit significantly since purchase. Others have specific requirements about the type of provider or the care setting.

## Private Pay Strategies

When public programs and insurance do not cover the full cost, families turn to private pay. Here are the most common approaches.

### Family Cost-Sharing

Many families split costs among siblings or extended family. This works best when expectations are clearly documented. Consider creating a simple written agreement that outlines each person's financial contribution, how amounts will be adjusted if care needs increase, and how decisions about care changes will be made. Money and caregiving create conflict in families. Written agreements reduce misunderstandings.

### Reverse Mortgages

For homeowners aged 62 and older, a Home Equity Conversion Mortgage (HECM) allows you to convert home equity into cash without selling the home or making monthly payments. The loan is repaid when the homeowner moves out, sells, or passes away.

A reverse mortgage can provide:

- A lump sum
- Monthly payments
- A line of credit to draw from as needed

The line of credit option is often the most practical for home care, since it lets you withdraw funds only as care expenses arise. Upfront costs are significant (origination fees, mortgage insurance premiums, closing costs), so this works best when substantial equity exists and the homeowner plans to remain in the home for several years.

### Life Insurance Conversion

Many families do not realize that a life insurance policy can be converted into funds for care during the policyholder's lifetime through two mechanisms:

- **Accelerated death benefit:** Many policies allow the policyholder to access 50 to 80 percent of the death benefit early if they are diagnosed with a terminal or chronic illness. There is usually no additional cost for this feature.
- **Life settlement:** Selling the policy to a third-party buyer for a lump sum, typically 20 to 50 percent of the face value. This makes sense when premiums are becoming unaffordable and the death benefit is no longer needed for its original purpose.

Consult a financial advisor before pursuing either option, as there may be tax implications and the decision affects beneficiaries.

### Spending Down Assets Strategically

If your loved one has savings but may eventually need Medicaid, the order in which assets are spent matters. Medicaid has a five-year lookback period for asset transfers, meaning gifts or transfers made within five years of applying can result in a penalty period of ineligibility. Work with an elder law attorney to develop a spend-down plan that preserves eligibility while funding current care needs.

## Tax Deductions and Credits for Care Expenses

The tax code offers several ways to offset home care costs. These will not pay for care outright, but they can reduce the overall financial burden.

### Medical Expense Deduction

If your loved one (or you, as the taxpayer) itemizes deductions, medical expenses exceeding 7.5 percent of adjusted gross income are deductible. Home care qualifies as a medical expense when:

- The care is for someone who is chronically ill (unable to perform at least two activities of daily living for at least 90 days)
- A licensed health care practitioner has certified the care plan

This means that personal care aide costs, not just skilled nursing, can qualify as deductible medical expenses if the above conditions are met.

### Dependent Care Credit

If you pay for care so that you (or your spouse) can work, and your loved one qualifies as a dependent, you may be eligible for the Child and Dependent Care Credit. This applies to care for a spouse or dependent who is physically or mentally incapable of self-care. The credit covers up to $3,000 in expenses for one qualifying individual.

### Deducting Care for a Dependent Parent

If you provide more than half of a parent's financial support, you may be able to claim them as a dependent, which opens up additional tax benefits. This is true even if the parent does not live with you, as long as you meet the support test and other IRS requirements.

Keep detailed records of all care-related expenses, including agency invoices, caregiver payments, and medical supply receipts. These records are essential for claiming deductions.

## Practical Ways to Reduce Home Care Costs

Beyond finding payment sources, there are concrete strategies to bring costs down.

### Combine Professional and Family Care

Many families use a hybrid approach: a professional caregiver covers the most demanding shifts (mornings and evenings for bathing and meal preparation), while family members fill in during less intensive periods. This can cut professional care hours by 30 to 50 percent.

### Use Adult Day Programs

Adult day centers provide supervised activities, meals, and sometimes medical care for $75 to $120 per day, significantly less than equivalent hours of in-home care. If your loved one is able to attend a program three to five days per week, it can substantially reduce the need for home care hours.

### Negotiate Rates with Agencies

Home care agency rates are not always fixed. Ask about:

- **Volume discounts** for 30 or more hours per week
- **Reduced rates for longer shifts** (a 12-hour shift often costs less per hour than two 6-hour shifts)
- **Off-peak pricing** for overnight or weekend care
- **Package rates** that bundle services

### Explore Local Assistance Programs

Many communities have resources that fill gaps without charge:

- **Area Agencies on Aging** often provide free or low-cost homemaker services, meal delivery, and transportation.
- **Nonprofit organizations** like the Alzheimer's Association and local faith-based groups may offer respite care, support groups, or volunteer companion programs.
- **State pharmaceutical assistance programs** can reduce medication costs, freeing up funds for care.
- **PACE programs** (Program of All-Inclusive Care for the Elderly) provide comprehensive medical and long-term care for people who qualify for nursing home placement but wish to remain at home. PACE is available in most states and covers nearly all care needs for eligible individuals.

### Consider Technology

Remote monitoring systems, medication dispensers, and medical alert devices cost $30 to $100 per month and can reduce the number of supervised hours needed. A motion sensor system that alerts a family member if Mom has not moved through the house by a certain time may replace an early-morning check-in visit.

## Building Your Payment Plan

Most families do not rely on a single funding source. A realistic payment plan typically layers multiple options. For example:

- **Medicare** covers a round of physical therapy visits after a hospital stay.
- **Medicaid HCBS waiver** provides 20 hours per week of personal care aide services.
- **VA Aid and Attendance** adds $2,295 per month for additional care hours.
- **Family members** cover weekend shifts.
- **Tax deductions** reduce the family's net cost by 15 to 25 percent.

Start by identifying which programs your loved one qualifies for, apply to all of them, and fill remaining gaps with the private pay strategies described above. A geriatric care manager or elder law attorney can be invaluable in assembling this puzzle. Many offer free initial consultations.

## Take the Next Step

Understanding your financial options is the first step toward building a care plan that works without draining your family's resources. The second step is finding agencies in your area that provide quality care at a fair price.

Browse agencies in your state on [Senior Home Care Finder](https://seniorhomecarefinder.com) to compare services, read reviews, and connect with providers who can work within your budget. Many agencies offer free in-home assessments and can help you understand exactly what care will cost before you commit to anything.

You do not have to figure this out alone. The right agency will work with you on both the care plan and the financial plan, because they understand that affordable care is sustainable care.","The cost of home care is a major concern for most families. This guide breaks down average costs by state, explains every payment option available, and helps you create an affordable care plan.",Senior Home Care Finder Staff,3/25/2026,https://res.cloudinary.com/dnmrgvjdm/image/upload/v1773966780/HowToAffordTheCosts_cpslsb.png,"Home care costs $25-$35 per hour on average. Learn about Medicare, Medicaid, VA benefits, long-term care insurance, and other ways to pay for in-home care services.",Published,,Financial Planning
Caring for a Parent with Dementia at Home: A Practical Guide,caring-for-parent-with-dementia-at-home,"When a parent is diagnosed with dementia, the ground shifts beneath the entire family. The person who raised you, who knew every answer, who held everything together, now needs you to do those things for them. It is disorienting. It is heartbreaking. And for millions of families across the country, it is the reality of daily life.

The good news is that many people with dementia can remain safely at home for years, especially with the right support systems in place. But caring for a parent with dementia at home is fundamentally different from other kinds of caregiving. The disease changes how your parent thinks, communicates, and perceives the world around them, and your approach to care must change with it.

This guide is designed to give you practical, honest strategies for each stage of the journey, from early adjustments through the point where professional help becomes necessary.

## Understanding How Dementia Progresses

Dementia is not a single event. It is a gradual process, and understanding where your parent falls on that continuum will help you plan appropriately and avoid being caught off guard.

### Early Stage

In the early stage, your parent may seem mostly like themselves. They might repeat questions, misplace items more often, struggle to find the right word, or have difficulty managing finances. Many families first notice something is wrong when bills go unpaid, medications are missed, or the house starts to look neglected. At this stage, your parent likely knows something is changing and may feel frightened or frustrated by it.

Your role here is primarily organizational. Help set up systems: pill organizers, automatic bill pay, simplified routines. This is also the time to have important legal and financial conversations while your parent can still participate in decisions about their own care.

### Middle Stage

The middle stage is typically the longest and the most demanding for caregivers. Memory loss becomes more pronounced. Your parent may not recognize familiar people, may become confused about the time or place, and may begin to experience personality changes, agitation, or wandering. This is when personal care assistance usually becomes necessary, as tasks like bathing, dressing, and toileting become difficult or unsafe to do alone.

### Late Stage

In the late stage, your parent will need assistance with virtually all daily activities. Communication becomes very limited. Mobility declines significantly. Swallowing difficulties and increased vulnerability to infections are common. Care at this stage is intensive and often requires multiple caregivers or specialized support.

Knowing what lies ahead is not meant to discourage you. It is meant to help you prepare, so that each transition feels less like a crisis and more like the next step in a plan you have already thought through.

## Creating Daily Routines That Reduce Anxiety

For a person with dementia, unpredictability is the enemy. When the brain can no longer easily process new information or adapt to changes, a predictable routine becomes an anchor. It reduces confusion, lowers anxiety, and often decreases behavioral symptoms.

### Build a Consistent Schedule

Try to keep meals, bathing, activities, and rest at roughly the same times each day. Your parent may not remember what they did yesterday, but their body can still settle into the rhythm of a routine. A morning that always starts with coffee at the kitchen table, followed by getting dressed, followed by a short walk, creates a sense of normalcy that the conscious mind may not register but the nervous system responds to.

### Simplify Choices

Too many options can be overwhelming. Instead of asking ""What do you want for lunch?"" try ""Would you like a turkey sandwich or soup?"" Instead of opening a full closet, lay out two outfits. Reducing choices is not about taking away autonomy. It is about removing the cognitive burden that makes simple decisions feel impossibly complex.

### Build in Meaningful Activity

People with dementia still need purpose and engagement. Folding towels, sorting buttons, looking through photo albums, listening to music from their younger years, tending a small garden, or helping prepare simple foods can all provide a sense of accomplishment. The activity does not need to be productive in any traditional sense. It needs to feel purposeful to your parent.

### Allow Extra Time for Everything

Rushing a person with dementia almost always backfires. If getting dressed takes thirty minutes, plan for thirty minutes. If leaving the house requires a slow, patient process of putting on shoes and finding a jacket, start early. When you remove time pressure, you remove one of the most common triggers for agitation and resistance.

## Home Safety Modifications

A home that was perfectly safe for your parent five years ago may now be full of hazards. Dementia affects judgment, spatial awareness, and the ability to recognize danger, which means the environment itself needs to compensate.

### Preventing Wandering

Wandering is one of the most dangerous behaviors associated with dementia. According to the Alzheimer's Association, six in ten people with dementia will wander at some point, and if not found within 24 hours, up to half may suffer serious injury or death.

- **Install locks that are not obvious.** Slide bolts placed high or low on doors, where your parent is unlikely to look, can be effective. Childproof doorknob covers can also work.
- **Use door alarms or motion sensors.** A simple chime that sounds when an exterior door opens gives you a warning without making the home feel like a facility.
- **Consider a GPS tracking device.** Wearable GPS trackers designed for people with dementia can provide peace of mind if your parent does leave the home.
- **Keep car keys hidden.** If your parent still believes they can drive, removing access to keys is essential for their safety and the safety of others.
- **Register with local programs.** Many communities have wandering response programs. The Alzheimer's Association offers MedicAlert with Wandering Support, and some local police departments maintain registries.

### Kitchen Safety

- **Install stove knob covers or an automatic stove shut-off device.** Kitchen fires are a real risk when a person with dementia forgets they have turned on a burner.
- **Remove or lock away sharp knives and potentially dangerous cleaning products.**
- **Switch to an electric kettle with auto shut-off** instead of a stovetop kettle.
- **Simplify the kitchen.** Remove unnecessary appliances and keep only the items your parent uses regularly.

### Bathroom Safety

- **Install grab bars** in the shower, next to the toilet, and along walls.
- **Use a shower chair and handheld showerhead** to make bathing safer and less frightening.
- **Set the water heater to 120 degrees or lower** to prevent scalding.
- **Remove locks from bathroom doors** so your parent cannot accidentally lock themselves in.

### General Home Modifications

- **Remove throw rugs and reduce clutter** to prevent falls.
- **Improve lighting throughout the home,** especially in hallways, staircases, and bathrooms. Nightlights are essential.
- **Cover or remove mirrors** if they cause confusion or agitation. Some people with dementia do not recognize their own reflection and believe a stranger is in the house.
- **Secure medications in a locked cabinet.** A person with dementia may take the wrong dose or take medications repeatedly because they do not remember having already taken them.

## Communication Strategies That Actually Work

One of the most painful aspects of dementia caregiving is the breakdown of communication. The parent who used to understand everything you said may now struggle to follow a simple conversation. Learning to communicate differently is not optional; it is essential.

### Keep Sentences Short and Simple

Use one idea per sentence. ""Let's go to the table for lunch"" is far easier to process than ""Why don't you come into the kitchen and sit down because lunch is almost ready and I made your favorite soup.""

### Ask Yes-or-No Questions When Possible

Open-ended questions demand a level of cognitive processing that may no longer be available. ""Did you enjoy your walk?"" is easier than ""Tell me about your walk.""

### Use a Calm, Warm Tone

People with dementia may lose the ability to understand words long before they lose the ability to read tone and body language. A gentle voice, a warm smile, and relaxed posture communicate safety and love even when the words themselves are not fully understood.

### Practice Validation, Not Correction

If your mother says she needs to pick up the children from school, and her children are in their fifties, correcting her serves no purpose. It will not restore her memory, and it will likely cause distress. Instead, acknowledge the feeling behind the statement: ""You're thinking about the kids. You've always been such a devoted mother."" This approach, often called validation therapy, honors the emotional truth of what your parent is experiencing.

### Do Not Argue

When a person with dementia is convinced of something that is not true, arguing will not change their mind. It will only escalate the situation. Redirect instead. If your father insists on going to a job he retired from twenty years ago, you might say, ""It's a holiday today, so the office is closed. Let's have some coffee.""

## Managing Sundowning

Sundowning refers to a pattern of increased confusion, agitation, anxiety, or behavioral changes that occur in the late afternoon and evening. It affects a significant number of people with dementia and is one of the most exhausting challenges for caregivers.

While the exact causes are not fully understood, several strategies can help:

- **Increase light exposure during the day,** especially in the morning. Bright light helps regulate the body's internal clock.
- **Limit caffeine and sugar after noon.**
- **Keep the environment calm in the evening.** Reduce noise, turn off the television if it is overstimulating, and lower lighting gradually rather than abruptly.
- **Establish a soothing evening routine.** Familiar music, a warm drink (non-caffeinated), or gentle hand massage can ease the transition into nighttime.
- **Avoid scheduling appointments, outings, or baths in the late afternoon** when symptoms are most likely to appear.
- **Talk to your parent's doctor** if sundowning is severe. In some cases, adjustments to medication timing or the addition of low-dose medications can help.

## Navigating Nutrition Challenges

Eating can become surprisingly complicated for a person with dementia. They may forget to eat, lose the ability to use utensils, not recognize food, or develop swallowing difficulties as the disease progresses.

- **Serve meals at consistent times** and eat together when possible. The social cue of seeing someone else eating can prompt your parent to eat as well.
- **Use high-contrast plates and cups.** A white plate on a white tablecloth is visually confusing. A dark placemat with a brightly colored plate makes it much easier to see the food.
- **Offer finger foods** if utensils become difficult. Sandwiches, cut fruit, cheese cubes, and chicken strips are nutritious and easy to eat without a fork.
- **Limit distractions during meals.** Turn off the television and keep the table setting simple.
- **Monitor weight regularly.** Unintentional weight loss is common in dementia and can accelerate decline. If your parent is losing weight, talk to their doctor about calorie-dense foods or nutritional supplements.
- **Watch for swallowing difficulties.** Coughing during meals, a wet-sounding voice after eating, or recurring respiratory infections can all indicate dysphagia, which requires medical evaluation.

## When Family Care Is Not Enough

There is no weakness in reaching the limits of what you can do alone. Dementia caregiving is physically and emotionally demanding in ways that are difficult to fully appreciate until you are in the middle of it. Caregiver burnout is not a sign of failure. It is a predictable consequence of an unsustainable situation.

Signs that it may be time to bring in professional help include:

- **You are chronically exhausted,** and rest does not restore you.
- **Your own health is declining,** whether physical symptoms, depression, anxiety, or all three.
- **Your parent's care needs exceed what one person can safely provide,** such as lifting, overnight supervision, or complex medical care.
- **Behavioral symptoms are escalating** and you do not have the training to manage them safely.
- **You are missing work, neglecting your own family, or withdrawing from your own life** because caregiving has consumed everything.

Bringing in help is not giving up. It is making sure your parent receives the quality of care they deserve, while also preserving your own ability to be present as their son or daughter rather than solely as their caregiver.

## What Professional Dementia Caregivers Do Differently

Not all home care is the same, and dementia care requires a specific skill set. Professional caregivers who specialize in dementia and Alzheimer's care bring training and experience that can make a meaningful difference in your parent's quality of life.

### Specialized Training

Dementia caregivers are trained in techniques for redirection, de-escalation, and communication that most family members learn only through painful trial and error. They understand the neurological basis of behaviors that can seem baffling or hurtful and are less likely to take those behaviors personally.

### Consistent, Structured Routines

Professional caregivers know how to establish and maintain the kind of consistent routines that reduce confusion and behavioral symptoms. They also know how to adapt those routines as the disease progresses.

### Safety Awareness

Trained dementia caregivers are constantly assessing the environment for risks and know how to prevent falls, manage wandering behavior, and respond to medical emergencies.

### Respite for Family

Even if you are not ready for full-time professional care, respite care, where a trained caregiver comes in for a few hours or a few days so you can rest, can be transformative. Regular respite care is one of the most effective ways to prevent caregiver burnout and extend the amount of time your parent can safely remain at home.

## How to Find Memory Care Agencies in Your Area

Finding the right dementia care provider starts with knowing what to look for. When evaluating home care agencies for a parent with dementia, ask these questions:

- **What dementia-specific training do your caregivers receive?** Look for agencies that require training in Alzheimer's and dementia care beyond basic home health aide certification.
- **How do you match caregivers with clients?** Consistency matters enormously in dementia care. Frequent caregiver changes are disruptive and can worsen symptoms.
- **Can you provide care that scales over time?** Your parent's needs will change. An agency that can provide a few hours of companionship now and full-time personal care later saves you from having to start the search over again.
- **What is your approach to managing behavioral symptoms?** The answer should involve patience, redirection, and individualized strategies, not physical restraints or sedation.
- **Do you coordinate with the client's medical team?** Good dementia care agencies communicate with physicians, especially regarding medication management and changes in condition.

Finding agencies that specialize in dementia care can feel overwhelming, especially when you are already stretched thin. A directory that lets you search specifically for Alzheimer's and dementia care providers in your area can save you significant time and energy during an already difficult period.

If you are looking for in-home dementia care for a parent, you can [search for Alzheimer's and Dementia Care agencies near you](/services/alzheimers-dementia-care.html) on Senior Home Care Finder. Our directory includes agencies across the country that specialize in memory care, so you can find experienced providers in your community and start the conversation about what your family needs.","Dementia changes everything about caregiving. This practical guide covers daily routines, safety modifications, communication strategies, and how to know when professional home care support is needed.",Senior Home Care Finder Staff,3/24/2026,https://res.cloudinary.com/dnmrgvjdm/image/upload/v1773967238/Dementia_vt64ar.png,"Caring for a parent with dementia at home is challenging but possible. Learn practical strategies for daily care, safety modifications, communication tips, and when to bring in professional help.",Published,,Guides
"Caregiver Burnout: How to Recognize It, Prevent It, and Recover",caregiver-burnout,"You started out helping with small things. Picking up groceries. Driving to doctor's appointments. Reminding Mom to take her medications. It felt manageable, even natural. This is what families do.

But somewhere along the way, the small things became big things. The weekly visits became daily obligations. The quick check-ins became hours of hands-on care. You stopped exercising. You cancelled plans with friends. You started dreading your phone ringing because it might mean another crisis. And now you are running on fumes, wondering how much longer you can keep this up before something breaks.

If this sounds familiar, you are not weak. You are not failing. You are experiencing caregiver burnout, and you are far from alone.

## What Caregiver Burnout Actually Is

Caregiver burnout is a state of physical, emotional, and mental exhaustion that occurs when the demands of caregiving consistently exceed your capacity to cope. It is not the same as having a bad week or feeling temporarily overwhelmed. Burnout is what happens when stress becomes chronic and unrelenting, when you have been giving more than you have for so long that your body and mind begin to shut down in self-protection.

The distinction between normal caregiving stress and burnout matters. Stress is a natural response to difficult circumstances. You feel pressure, you respond to it, and when the pressure lifts, you recover. Burnout is what happens when recovery never comes. The pressure is constant. The demands never let up. The emotional weight never lifts. Over time, your ability to feel compassion, motivation, and even basic happiness begins to erode.

Burnout does not arrive suddenly. It builds quietly, and most caregivers do not recognize it until they are already deep inside it.

## The Scope of the Problem

The numbers are staggering. According to the National Alliance for Caregiving and AARP, more than 53 million Americans serve as unpaid caregivers, providing an estimated 34 billion hours of care annually. The majority of these caregivers are women, though the number of male caregivers has been steadily rising. Most are caring for an aging parent or spouse while simultaneously managing their own jobs, households, and in many cases, children.

The health consequences are well documented. Family caregivers experience higher rates of depression, anxiety, and chronic illness than non-caregivers. Studies have shown that caregivers who experience chronic stress have a 63 percent higher mortality rate than non-caregivers of the same age. They are more likely to develop heart disease, diabetes, and immune system disorders. The emotional toll is equally severe — caregivers report feelings of isolation, grief, resentment, and guilt at rates that far exceed the general population.

And yet, despite all of this, most caregivers never ask for help. They push through. They tell themselves it is temporary, or that no one else can do it as well as they can, or that they owe it to the person they are caring for. That reluctance to seek support is one of the primary drivers of burnout.

## Recognizing the Warning Signs

Burnout rarely announces itself clearly. It disguises itself as tiredness, irritability, or just ""a rough patch."" Learning to recognize the warning signs early is critical, because the sooner you intervene, the easier it is to recover.

### Physical Signs

Your body keeps score, even when your mind refuses to acknowledge what is happening.

- **Chronic fatigue.** Not the kind that a good night's sleep fixes, but a bone-deep exhaustion that persists no matter how much rest you get. You wake up tired. You stay tired.
- **Frequent illness.** You catch every cold that comes around. Wounds heal slowly. You develop headaches, digestive problems, or unexplained aches and pains that were not there before.
- **Changes in sleep.** You cannot fall asleep because your mind will not stop racing, or you sleep for twelve hours and still feel drained. Some caregivers develop insomnia. Others sleep excessively as a form of escape.
- **Weight changes.** You are eating too much because food is the only comfort available, or you are eating too little because you simply do not have the energy or motivation to prepare meals for yourself.
- **Neglecting your own health.** You have skipped your own doctor's appointments. You stopped taking your own medications consistently. You cannot remember the last time you exercised.

### Emotional and Mental Signs

The psychological symptoms of burnout can be even more devastating than the physical ones.

- **Emotional numbness.** You used to feel deeply for the person you care for. Now you feel nothing, or worse, resentment. The absence of feeling frightens you and compounds the guilt.
- **Withdrawal.** You have pulled away from friends, hobbies, and activities that once brought you joy. Social interactions feel like one more demand on your depleted reserves.
- **Irritability and anger.** You snap at the person you are caring for, at your spouse, at your children. Small frustrations trigger disproportionate reactions, and you feel terrible about it afterward.
- **Hopelessness.** You cannot see a way out. The situation feels permanent and unchangeable. The future looks like an endless repetition of today.
- **Loss of identity.** You no longer know who you are outside of your role as a caregiver. Your entire life has been consumed by someone else's needs.
- **Fantasies of escape.** You daydream about disappearing. You think about what would happen if you just got in the car and drove away. These thoughts do not mean you are a bad person. They mean you are a person who has been pushed past their limit.

## Who Is Most at Risk

While any caregiver can experience burnout, certain factors increase the likelihood significantly.

**Sole caregivers** who carry the entire burden without help from siblings, other family members, or professional services are the most vulnerable. When there is no one to share the load with, there is no relief valve.

**Caregivers who live with the person they are caring for** face constant exposure to caregiving demands. There is no separation between their caregiving role and their personal life. The work never stops.

**Caregivers of people with dementia or Alzheimer's** face unique challenges. The progressive nature of the disease, the behavioral changes, the grief of watching someone you love lose themselves — these compound the stress enormously. Studies consistently show that dementia caregivers experience higher rates of depression and burnout than caregivers of people with other conditions.

**Caregivers who were thrust into the role suddenly**, such as after a stroke, a fall, or a hospital discharge, often had no time to prepare emotionally, logistically, or financially. The learning curve is steep and the adjustment period is brutal.

**Caregivers who feel they have no choice** — those who took on the role out of obligation, cultural expectation, or the absence of alternatives — may harbor resentment that intensifies over time and accelerates burnout.

## Prevention: Protecting Yourself Before Burnout Takes Hold

The most important thing to understand about caregiver burnout is that it is not inevitable. It is preventable. But prevention requires you to accept a truth that many caregivers resist: you cannot do this alone, and trying to will eventually harm both you and the person you are caring for.

### Set Boundaries, Even When It Feels Wrong

Boundaries are not selfish. They are the infrastructure that makes sustained caregiving possible. Without them, caregiving expands to fill every available space in your life until there is nothing left.

This means defining what you are able to do and what you are not. It means deciding which hours of the day are caregiving hours and which are yours. It means saying no to requests that exceed your capacity, even when guilt tells you that you should say yes. It means having honest conversations with the person you are caring for and with other family members about what is realistic and what is not.

Boundaries feel uncomfortable at first, especially if you are someone who has always put others first. But the alternative — giving until you collapse — serves no one.

### Ask for Help and Accept It When Offered

This is where many caregivers get stuck. Asking for help feels like admitting failure. It feels like proving that you are not strong enough, devoted enough, or competent enough.

None of that is true. Asking for help is one of the most responsible things a caregiver can do, because it acknowledges reality. No single person was designed to meet all of another person's needs indefinitely. That is not a human limitation to be ashamed of. It is a basic fact.

Start by making a list of specific tasks that others could take over. Not a vague ""I need help,"" but concrete requests: ""Can you sit with Dad on Tuesday afternoons so I can go to my own doctor's appointment?"" or ""Can you handle his prescription refills this month?"" People are more likely to help when they know exactly what is needed.

Involve siblings and extended family. If distance is an issue, remote family members can contribute by managing finances, coordinating medical appointments, researching resources, or contributing financially to professional care.

### Practice Self-Care That Actually Works

The phrase ""self-care"" has become so overused that it can feel meaningless, especially to someone who barely has time to shower. But genuine self-care for caregivers is not about spa days and scented candles. It is about the non-negotiable basics that keep you functional.

- **Sleep.** Protect your sleep the way you would protect any essential medical treatment, because that is what it is. If nighttime caregiving disrupts your sleep, find someone who can cover even a few nights a week.
- **Movement.** You do not need an hour at the gym. A twenty-minute walk provides measurable benefits for mood, cardiovascular health, and stress reduction. Do it consistently rather than perfectly.
- **Nutrition.** Eat actual meals. Meal prep on a good day so that food is available on the bad ones. If cooking feels impossible, there is no shame in simple meals, delivery services, or accepting help from friends who offer to bring food.
- **Social connection.** Isolation is one of burnout's most effective weapons. Maintain at least one or two relationships outside of caregiving, even if contact is limited to a weekly phone call or a monthly coffee date.
- **Medical care for yourself.** Keep your own doctor's appointments. Manage your own chronic conditions. You cannot care for someone else if your own health fails.

### Use Respite Care as a Lifeline

Respite care is temporary relief for primary caregivers, and it is one of the most effective tools for preventing burnout. Respite can take many forms: a professional caregiver who comes to the home for a few hours a week, an adult day program, or a short-term stay at a care facility.

Many caregivers resist respite care because they fear the person they care for will not accept someone new, or because they believe that no one else can provide the same quality of care. These concerns are understandable but often unfounded. Professional caregivers are trained to build rapport quickly, and most care recipients adjust within a visit or two.

Even a few hours of respite per week can be transformative. It gives you time to rest, run errands, see friends, or simply sit in silence without being needed. That time is not a luxury. It is a necessity.

## How Professional Home Care Can Help

There comes a point for many family caregivers when the care needs simply exceed what one person can provide. That point is not a failure. It is a natural progression, and recognizing it is an act of wisdom, not weakness.

Professional in-home care agencies provide trained caregivers who can assist with activities of daily living, medication reminders, meal preparation, light housekeeping, transportation, and companionship. This support can be structured in whatever way serves your family best — a few hours a week to give you regular breaks, overnight care so you can sleep, or full-time assistance for complex care needs.

Hiring professional help does not mean you are abandoning your role. It means you are building a team. The most sustainable caregiving arrangements involve a combination of family involvement and professional support, with each contributing what they are best equipped to provide.

Companion care, in particular, addresses one of the most overlooked aspects of caregiving burnout. When a professional companion is present, your loved one has social interaction, engagement, and supervision, and you have the freedom to step away without worry. Many family caregivers report that having even part-time companion care restored their relationship with their loved one, because they were no longer interacting solely as caregiver and patient. They could be a daughter again, or a husband, or a friend.

## Recovering from Burnout

If you are already deep in burnout, know this: recovery is possible. But it requires action, and it requires you to prioritize yourself in a way that may feel deeply uncomfortable.

**Acknowledge where you are.** Stop minimizing it. Stop telling yourself you are fine. Name what is happening. Say it out loud to someone you trust: ""I am burned out, and I need help.""

**Get professional support.** A therapist who specializes in caregiver issues can help you process the grief, guilt, anger, and exhaustion that accompany burnout. If therapy is not accessible, many communities offer free or low-cost counseling through caregiver support organizations.

**Restructure the caregiving arrangement.** Something about the current situation is unsustainable, and that something needs to change. This might mean bringing in professional care, redistributing responsibilities among family members, modifying the care plan, or in some cases, exploring alternative living arrangements for the person receiving care.

**Rejoin the world gradually.** Burnout causes withdrawal, and withdrawal reinforces burnout. Reconnect with one friend. Return to one activity. Take one small step toward reclaiming your identity outside of caregiving.

## Resources and Support

You do not have to figure this out alone. The following organizations provide information, support, and practical assistance for family caregivers.

- **National Alliance for Caregiving** (caregiving.org) — Research, policy advocacy, and resources for family caregivers across all conditions and care settings.
- **AARP Caregiving Resource Center** (aarp.org/caregiving) — Guides, tools, a caregiving helpline, and a community forum where caregivers connect with others who understand.
- **Family Caregiver Alliance** (caregiver.org) — Evidence-based programs, an online support group, and a caregiver navigator tool to find local services.
- **Eldercare Locator** (eldercare.acl.gov or 1-800-677-1116) — A public service of the U.S. Administration on Aging that connects caregivers with local Area Agencies on Aging (AAAs), which provide information about respite care, transportation, meals, and other community-based services.
- **National Respite Locator** (archrespite.org) — A searchable database of respite care providers organized by state and county.
- **211 Helpline** (dial 2-1-1) — A free, confidential service that connects people with local resources including caregiver support programs, mental health services, and emergency assistance.

Many of these organizations can also connect you with local caregiver support groups, both in-person and online. Support groups provide something that is remarkably hard to find as a caregiver: the company of people who genuinely understand what you are going through, without needing an explanation.

## You Deserve Support, Too

If there is one thing to take away from everything above, it is this: asking for help is not giving up. It is the most responsible, sustainable, and loving thing you can do — for the person you care for, and for yourself.

The best caregiving arrangements are not built on one person's exhaustion. They are built on a foundation of shared responsibility, professional support, and realistic expectations. When you take care of yourself, you are also taking care of the person who depends on you.

If you are ready to explore professional in-home care options — whether you need a few hours of respite care each week, companion care to give your loved one social engagement while you take a break, or more comprehensive support — [browse home care agencies in your area](/). Finding the right professional help can be the first step toward a caregiving arrangement that works for everyone, including you.
","You cannot pour from an empty cup. Caregiver burnout is real, common, and dangerous to your health. Here is how to recognize the signs, protect yourself, and get the help you deserve.",Senior Home Care Finder Staff,4/29/2026,https://res.cloudinary.com/dnmrgvjdm/image/upload/v1773967635/caregiver_pvcfkn.png,"Caregiver burnout affects millions of family caregivers. Learn how to recognize the warning signs, prevent burnout before it starts, and find the support you need to recover.",Published,,Family Caregiving
What Is Companion Care? A Complete Guide for Families,what-is-companion-care,"It often starts with a feeling more than a crisis. You call your mother on a Tuesday afternoon and something in her voice sounds different. Not sick, exactly. Just flat. You ask what she has been up to and the answer is the same as last week and the week before that: nothing much. The television. A little reading. She mentions that she has not talked to anyone since your last call, four days ago. She is not in danger. She is not struggling to bathe or dress or take her medications. But she is alone, and the loneliness is slowly hollowing her out.

This is the situation that leads most families to companion care. Not a medical emergency or a dramatic decline, but a quieter realization that someone you love is spending too many hours in silence, and that isolation is taking a toll you can see even if they cannot.

## What Companion Care Actually Is

Companion care is a type of non-medical home care focused on social interaction, emotional support, and light assistance with daily living. Unlike personal care or skilled nursing, companion care does not typically involve help with intimate tasks like bathing, dressing, or toileting. It does not involve medical procedures, wound care, or clinical monitoring. What it does involve is something far more fundamental: human connection.

A companion caregiver is someone who shows up, sits with your loved one, and engages with them as a person. They have conversations. They play cards or work on puzzles together. They go for walks in the neighborhood. They accompany your parent to a doctor's appointment or a lunch with friends. They provide the kind of consistent, reliable social presence that many seniors lose as they age, as friends pass away, as driving becomes difficult, as the world gets smaller.

The simplicity of companion care is what makes it easy to underestimate. It does not sound as urgent as skilled nursing or as hands-on as personal care. But for seniors who are cognitively intact yet increasingly isolated, companion care addresses what is often their most pressing need: the need to not be alone.

## Companion Care vs. Personal Care: Understanding the Difference

Families often confuse companion care with personal care, or assume they are the same thing. They are not, and understanding the distinction matters because it determines what kind of help you are hiring, what it costs, and what your loved one can expect.

**Companion care** focuses on socialization and light support. A companion caregiver might prepare a simple meal, remind your parent to take their medication, help organize the mail, do light tidying around the house, or drive to the grocery store. The emphasis is on being present and engaged.

**Personal care** involves hands-on assistance with activities of daily living, often referred to as ADLs. This includes help with bathing, grooming, dressing, toileting, transferring from a bed to a wheelchair, and feeding. Personal care aides typically receive additional training and, in many states, must hold specific certifications.

**Skilled nursing care** goes further still, involving licensed nurses who can administer medications, manage IVs, care for wounds, and handle complex medical needs.

Think of it as a spectrum. Companion care sits at one end, providing social and emotional support with light practical help. Personal care occupies the middle, addressing physical needs. Skilled nursing sits at the other end, managing medical conditions. Many families start with companion care and adjust as needs change over time.

### What Companion Caregivers Actually Do

The day-to-day work of a companion caregiver is varied and adapts to the individual. But most companion care visits include some combination of the following:

**Conversation and social engagement.** This is the core of companion care. A good companion caregiver does not just sit in the room while your parent watches television. They talk. They listen. They ask questions about your parent's life, their memories, their opinions. They build a genuine relationship over time.

**Recreational activities.** Playing board games, doing crossword puzzles, working on crafts, reading aloud, gardening, watching and discussing movies, or pursuing whatever hobbies your parent enjoys. These activities are not just entertainment. They provide cognitive stimulation that helps keep the mind active.

**Meal preparation.** Companion caregivers typically handle light meal preparation. This might mean making lunch, preparing snacks, or helping plan simple dinners. They are not personal chefs, but they ensure your loved one is eating regularly and eating well.

**Medication reminders.** Companion caregivers cannot administer medication, but they can remind your parent when it is time to take their pills and confirm that they have done so. For seniors managing multiple prescriptions, this simple prompt can prevent dangerous missed doses.

**Light housekeeping.** Tidying up the kitchen after meals, wiping down surfaces, taking out the trash, doing a load of laundry, watering plants. Companion caregivers keep the living environment clean and comfortable without taking on deep-cleaning duties.

**Errands and transportation.** Driving to medical appointments, picking up prescriptions, accompanying your parent to the bank or post office, going grocery shopping together. For seniors who no longer drive, this practical support can be the difference between independence and confinement.

**Safety monitoring.** Simply having another person in the home reduces the risk of falls going unnoticed, appliances being left on, or minor problems escalating into emergencies. Companion caregivers also provide families with peace of mind and regular updates on how their loved one is doing.

## Who Benefits Most from Companion Care

Companion care is not for everyone, but for the right person in the right circumstances, it can be transformative. The seniors who benefit most tend to share certain characteristics.

### Seniors Living Alone

More than 14 million Americans over the age of 65 live alone, according to the U.S. Census Bureau. Many of them manage their physical needs just fine. They can cook, clean, bathe, and take their medications without help. But they spend the vast majority of their time without meaningful human contact. Companion care fills that gap.

### Seniors with Early-Stage Cognitive Decline

For people in the early stages of Alzheimer's disease or other forms of dementia, companion care can be especially valuable. At this stage, they may not yet need help with personal care tasks, but they benefit enormously from cognitive stimulation, routine, and gentle oversight. A companion caregiver can engage them in memory-supporting activities, monitor for changes in behavior or cognition, and provide the consistent structure that helps slow the progression of symptoms.

### Recently Widowed Seniors

Losing a spouse is one of the most devastating experiences a person can go through, and for seniors, it often means losing not just a partner but their primary source of daily companionship. The transition from sharing a home with someone to living entirely alone can trigger depression, anxiety, and rapid physical decline. Companion care provides a bridge during this vulnerable period.

### Seniors Recovering from Surgery or Illness

After a hospital stay or surgery, many seniors return home to an empty house. They may not need skilled nursing, but they need someone to check on them, help with meals, drive them to follow-up appointments, and provide encouragement during recovery. Short-term companion care fills this role effectively.

### Seniors Whose Family Lives Far Away

If you are a long-distance caregiver, companion care gives you eyes and ears in your parent's home. A companion caregiver can report back on how your loved one is doing, flag concerns you would not otherwise know about, and provide the in-person presence you cannot.

## The Health Impact of Loneliness on Seniors

If companion care sounds like a nice but nonessential service, consider what the research says about loneliness and health. The findings are sobering and increasingly difficult to ignore.

### Loneliness and Cognitive Decline

A landmark study published in the journal Neurology found that seniors who reported feeling lonely had a 50 percent greater risk of developing dementia than their socially connected peers, even after controlling for other risk factors. The mechanism appears to involve chronic stress: prolonged loneliness triggers sustained cortisol production, which over time damages the hippocampus, the brain region most critical for memory and learning.

### Loneliness and Mortality

Research from Brigham Young University, led by psychologist Julianne Holt-Lunstad, found that chronic social isolation increases mortality risk by an amount comparable to smoking 15 cigarettes per day. The study, which analyzed data from more than 3.4 million participants, concluded that loneliness and social isolation are among the greatest public health threats facing older adults. The increased mortality risk from loneliness exceeded the risk associated with obesity and physical inactivity.

### Loneliness and Physical Health

The consequences extend beyond cognition and lifespan. Chronic loneliness has been linked to a 29 percent increase in risk of coronary heart disease and a 32 percent increase in stroke risk, according to a meta-analysis published in the journal Heart. Lonely seniors are also more likely to experience depression, sleep disruption, weakened immune function, and accelerated physical decline.

### Why This Matters for Care Decisions

These are not abstract statistics. They describe what happens to real people when they spend their final years without adequate social connection. Companion care is not a luxury. For many seniors, it is a health intervention, one that addresses a risk factor as serious as high blood pressure or diabetes.

## How to Know When Companion Care Is Enough

One of the most common questions families ask is whether companion care will be sufficient for their situation or whether they need a higher level of care. Here are some guidelines.

**Companion care is likely enough when your loved one:**

- Can manage their own bathing, dressing, and personal hygiene
- Is physically mobile, even if they move slowly
- Is cognitively intact or in the very early stages of decline
- Primarily needs social interaction, light help around the house, and transportation
- Does not have complex medical needs requiring professional monitoring

**It may be time to consider personal care or a higher level of support when your loved one:**

- Has difficulty bathing, dressing, or using the bathroom independently
- Has experienced multiple falls or has significant mobility limitations
- Has moderate to advanced cognitive impairment and cannot be safely left alone
- Needs help with transfers, such as getting in and out of bed or a wheelchair
- Has medical conditions requiring regular professional attention

Many home care agencies offer both companion care and personal care, which makes it easy to adjust the level of service as needs evolve. Starting with companion care does not lock you into a single tier. It simply means you are beginning with what your loved one needs right now, and you can scale up when the time comes.

## What Companion Care Costs

Cost is always a factor, and companion care is generally the most affordable tier of in-home care. While rates vary significantly by region, you can expect to pay between $20 and $30 per hour in most markets, with higher rates in major metropolitan areas and lower rates in rural communities.

Most families start with a few visits per week, typically ranging from three to five hours per visit. At the lower end, that might mean 10 hours per week at $20 per hour, or roughly $800 to $1,000 per month. At the higher end, daily visits of four to five hours could run $2,500 to $3,500 per month or more.

### How to Pay for Companion Care

**Private pay** is the most common method. Families pay out of pocket using savings, retirement funds, or contributions from multiple family members.

**Long-term care insurance** often covers companion care, though policies vary widely. Check your loved one's policy carefully, paying attention to waiting periods, daily benefit limits, and any requirements around the caregiver's qualifications.

**Medicare does not cover companion care.** Medicare covers skilled nursing and certain therapy services ordered by a physician, but it does not pay for non-medical companion care. This is one of the most common misconceptions families encounter.

**Medicaid** may cover companion care in some states through home and community-based services waivers. Eligibility rules differ by state, and there are often waiting lists.

**Veterans benefits** through the VA's Aid and Attendance program can help eligible veterans and surviving spouses pay for in-home care, including companion care.

## How to Find the Right Companion Care Provider

Finding a good companion caregiver requires some research, but the process does not need to be overwhelming. Here is a practical approach.

### Decide Between an Agency and an Independent Caregiver

Home care agencies handle hiring, training, background checks, scheduling, and backup coverage. They cost more because you are paying for that infrastructure, but they offer reliability and accountability. If a caregiver calls in sick, the agency sends a replacement.

Independent caregivers, hired directly by the family, typically cost less per hour but require you to handle screening, tax obligations, backup arrangements, and oversight yourself. For families who want simplicity and peace of mind, an agency is usually the better choice.

### Ask the Right Questions

When evaluating companion care providers, ask about:

- How caregivers are screened, trained, and supervised
- Whether you can meet and approve the caregiver before service begins
- How the agency handles scheduling changes and caregiver absences
- What their minimum visit length and weekly hour requirements are
- Whether they create a personalized care plan based on your loved one's interests and needs
- How they communicate with families about the client's well-being

### Watch for Red Flags

Be cautious of providers who pressure you into signing long-term contracts, cannot clearly explain their caregiver screening process, have poor or sparse reviews, or are unwilling to let you meet the caregiver before care begins. A good agency will welcome your questions and encourage your involvement.

### Start Small

You do not need to commit to a full weekly schedule immediately. Most agencies allow you to start with a few hours per week and increase as your loved one becomes comfortable with the arrangement. Many seniors are initially resistant to the idea of having someone come into their home, but a gradual introduction often eases that concern. Within a few weeks, most clients look forward to their companion's visits.

## Making the Decision

If you have read this far, you are probably weighing whether companion care is the right move for someone you love. Here is what we would encourage you to consider: waiting rarely makes things better. Loneliness compounds. Isolation deepens. The longer a senior goes without regular social engagement, the harder it becomes to reverse the effects on their mood, cognition, and overall health.

Companion care is not an admission that your family has failed. It is not a sign that your parent's independence is over. It is a practical, compassionate step that says you recognize the importance of human connection and you are willing to invest in your loved one's well-being.

The right companion caregiver will not replace you. They will supplement what you are already doing, fill the gaps that distance or schedule or capacity make impossible to fill yourself, and give both you and your parent something priceless: peace of mind.

## Find Companion Care Providers Near You

If you are ready to explore companion care options, Senior Home Care Finder can help. Browse our [companion care agency listings](/services/companion-care.html) to find vetted providers in your area, compare services and reviews, and take the first step toward getting your loved one the support they deserve.","Companion care is often the first step families take when a loved one needs support at home. Learn what companion caregivers do, who benefits most, and how this service can improve your loved one's quality of life.",Senior Home Care Finder Staff,3/31/2026,https://res.cloudinary.com/dnmrgvjdm/image/upload/v1773970593/CompanionCare_qhyiqx.png,"Companion care provides social interaction, emotional support, and light assistance for seniors living at home. Learn what companion caregivers do, who benefits most, and how to get started.",Published,,Care Types
VA Benefits for Home Care: What Veterans and Families Need to Know,va-benefits-for-home-care,"The Department of Veterans Affairs offers some of the most generous home care benefits available in the United States, yet a staggering number of eligible veterans and their families never apply. Some do not know these programs exist. Others start the process, get discouraged by paperwork, and give up. That is unfortunate, because VA home care benefits can cover thousands of dollars in monthly care costs.

If you are a veteran, the surviving spouse of a veteran, or a family member helping arrange care, this guide walks through every major VA program that supports in-home care, including what each program provides, who qualifies, and how to apply without the delays that trip up so many families.

## Aid and Attendance Pension

The Aid and Attendance benefit is the most well-known VA program for home care, and for good reason. It provides a monthly cash payment to eligible veterans and surviving spouses who need regular help with daily activities. The money can be used to pay for a home care agency, a private caregiver, or an assisted living facility. The VA does not restrict how you spend it, as long as it goes toward care.

### Who Qualifies

To be eligible for Aid and Attendance, a veteran must meet all of the following criteria:

- **Service requirement:** At least 90 days of active military service, with at least one day during a wartime period. Wartime periods include World War II, the Korean War, the Vietnam War, and the Gulf War era (which began August 2, 1990, and is still ongoing as of this writing).
- **Discharge status:** The veteran must have been discharged under conditions other than dishonorable.
- **Medical need:** The veteran requires the aid of another person to perform daily activities such as bathing, dressing, eating, or adjusting prosthetic devices. Alternatively, the veteran is bedridden, a patient in a nursing home, or has limited eyesight (5/200 visual acuity or less in both eyes, or concentric contraction of the visual field to 5 degrees or less).
- **Income and asset limits:** The veteran's countable income must fall below a threshold set by the VA each year. As of 2026, the net worth limit is approximately $155,356 (adjusted annually for inflation). This includes most assets but excludes the veteran's primary residence and personal belongings.

Surviving spouses of veterans who meet the service and discharge requirements may also qualify, provided they have not remarried and they meet the medical and financial criteria.

### Benefit Amounts

The Aid and Attendance pension rates are adjusted each year. As of 2026, approximate maximum monthly rates are:

- **Veteran without dependents:** approximately $2,300 per month
- **Veteran with one dependent (usually a spouse):** approximately $2,727 per month
- **Surviving spouse:** approximately $1,478 per month

These are maximum rates. The actual amount depends on your income and unreimbursed medical expenses, including the cost of home care. In many cases, the cost of care itself reduces your countable income enough to qualify you for the full benefit.

### How to Apply

You can apply for Aid and Attendance by submitting VA Form 21-2680 (Examination for Housebound Status or Permanent Need for Regular Aid and Attendance) along with VA Form 21-534EZ (for survivors) or VA Form 21-527EZ (for veterans). These forms require a physician's statement confirming the need for assistance. You can file online at va.gov, by mail, or in person at a VA regional office. Many veterans service organizations such as the American Legion, VFW, and Disabled American Veterans will help you file at no cost.

## Housebound Benefits

The Housebound benefit is a separate pension increase for veterans who are substantially confined to their home due to a permanent disability. It pays less than Aid and Attendance but is easier to qualify for, and in some cases veterans receive it while waiting for an Aid and Attendance decision.

### Eligibility

To qualify for Housebound benefits, a veteran must meet the same service, discharge, and financial requirements as Aid and Attendance. The difference is in the medical criteria. The veteran must have a single permanent disability rated at 100 percent, plus an additional disability rated at 60 percent or more. Alternatively, the veteran must be substantially confined to the home or immediate premises due to a permanent disability.

### Benefit Amounts

Housebound pension rates are lower than Aid and Attendance. As of 2026, approximate monthly rates are:

- **Veteran without dependents:** approximately $1,732 per month
- **Veteran with one dependent:** approximately $2,159 per month

A veteran cannot receive both Aid and Attendance and Housebound benefits simultaneously. If you qualify for both, the VA will pay the higher amount.

## Veteran Directed Care Program

The Veteran Directed Care (VDC) program is one of the most flexible home care options available through the VA. It gives veterans a monthly budget to manage their own care, including the ability to hire family members or friends as paid caregivers.

### How It Works

Under VDC, the VA partners with local Aging and Disability Network Agencies to provide each enrolled veteran with a flexible budget based on their assessed care needs. The veteran, with help from a counselor, decides how to spend the funds. Allowable expenses include:

- Hiring personal care aides, including family members (in most states, excluding spouses)
- Purchasing home modifications such as grab bars or ramp installations
- Paying for adult day care
- Buying assistive technology or personal emergency response systems

### Eligibility

To qualify for Veteran Directed Care, a veteran must be enrolled in VA health care and meet the clinical criteria for nursing home level care. In practical terms, this means needing substantial help with activities of daily living. The veteran must also be capable of directing their own care or have a representative willing to manage the budget on their behalf. Not all VA medical centers participate in this program, so availability depends on where you live.

## VA Homemaker and Home Health Aide Program

The VA Homemaker and Home Health Aide (H/HHA) program provides trained aides who come to a veteran's home to assist with personal care and light housekeeping. Unlike Aid and Attendance, which gives you a cash payment to arrange care yourself, the H/HHA program sends caregivers directly through a VA-contracted agency.

### Services Provided

Home health aides through this program typically assist with:

- Bathing, grooming, and dressing
- Meal preparation
- Light housekeeping and laundry
- Medication reminders (not administration)
- Escort to medical appointments

The number of hours per week depends on the veteran's assessed needs and can range from a few hours to more extensive daily coverage.

### How to Access

Veterans enrolled in VA health care can request this service through their VA primary care provider or their local VA medical center's Home and Community Based Services coordinator. A clinical assessment determines the level of care provided. There is no separate application form; the referral comes through the VA health care system.

## Program of Comprehensive Assistance for Family Caregivers

The Program of Comprehensive Assistance for Family Caregivers (PCAFC) is designed for veterans who need a family member or close friend to serve as their primary caregiver. This program was originally created for post-9/11 veterans but was expanded in October 2020 to include veterans from all service eras.

### What It Provides

PCAFC offers a substantial package of support for both the veteran and the caregiver:

- **Caregiver stipend:** A monthly payment to the designated caregiver based on the level of care required. Stipends are calculated as a percentage of what a GS-12 federal employee earns in the veteran's area. Depending on the care tier, this can range from roughly $2,000 to over $3,200 per month.
- **Health insurance:** If the caregiver is not already covered, CHAMPVA health insurance is available through the program.
- **Respite care:** At least 30 days of respite care per year, so the primary caregiver can take breaks.
- **Training and support:** The VA provides caregiver training, a support line, and access to mental health counseling.
- **Travel expenses:** Reimbursement for travel to VA medical appointments.

### Eligibility

The veteran must have a serious injury, illness, or disability (service-connected or otherwise, depending on service era) that requires at least six months of continuous personal care. The caregiver must be at least 18 years old, live with the veteran or be willing to do so, and complete VA-required training. Both the veteran and the caregiver apply together using VA Form 10-10CG, which can be submitted online, by mail, or in person.

## State Veterans Homes

Every state operates veterans homes that provide long-term care, and many also offer home-based and community-based services. While better known for residential nursing care, some states have expanded their programs to include home care referrals, adult day care, and outpatient support for veterans who want to age in place.

Eligibility varies by state, but generally these homes serve veterans who meet residency requirements and have been honorably discharged. Costs are often significantly lower than private facilities, and many accept VA Aid and Attendance payments. Contact your state's Department of Veterans Affairs to learn what is available in your area.

## How to Determine Your Eligibility

With so many programs available, figuring out which ones apply can feel overwhelming. Here is a practical approach:

### Step 1: Confirm Military Service

Gather the veteran's DD-214 discharge papers, which verify service dates, wartime service, and discharge status. If you cannot locate the DD-214, request a copy from the National Personnel Records Center by submitting SF-180 online or by mail.

### Step 2: Assess Medical Needs

Most VA home care benefits require that the veteran needs help with activities of daily living or has a service-connected disability. Before applying, talk to the veteran's doctor about documenting specific limitations such as the inability to bathe without assistance, difficulty dressing, or the need for help with mobility.

### Step 3: Review Finances

For pension-based benefits like Aid and Attendance and Housebound, the VA looks at income and net worth. Gather information about all income sources and assets. Remember that unreimbursed medical expenses, including home care costs you are already paying, reduce your countable income.

### Step 4: Contact a Veterans Service Organization

Organizations like the American Legion, VFW, and Disabled American Veterans provide free claims assistance. Their accredited representatives know the system, can help you identify which programs to apply for, and will assist with paperwork at no charge. This single step prevents more problems than any other.

## The Application Process Step by Step

While each program has its own forms, the general process follows a similar pattern:

1. **Gather documentation.** Collect the DD-214, medical records, physician statements, financial records, and any existing VA rating decisions.
2. **Choose your filing method.** You can apply online through va.gov, visit a VA regional office in person, mail your application, or work with a veterans service organization. For most families, working with a VSO is the most reliable path.
3. **Submit the appropriate forms.** For Aid and Attendance, file VA Form 21-527EZ (veteran) or VA Form 21-534EZ (survivor) along with VA Form 21-2680. For PCAFC, file VA Form 10-10CG. For VA health care enrollment (required for H/HHA and VDC), file VA Form 10-10EZ.
4. **Attend any required examinations.** The VA may schedule a Compensation and Pension exam to verify your medical condition. Attend this appointment and be honest about your worst days, not your best.
5. **Wait and follow up.** Processing times vary. Aid and Attendance claims can take three to six months or longer. Check your claim status online at va.gov or call the VA at 1-800-827-1000. If you filed through a VSO, your representative can track the status for you.

## Common Mistakes That Delay Claims

Avoiding these common errors will save months of frustration:

- **Not reporting unreimbursed medical expenses.** Many veterans fail to list home care costs, prescription expenses, and insurance premiums as medical expenses on their application. These reduce countable income and can mean the difference between qualifying and being denied.
- **Submitting incomplete medical evidence.** A vague doctor's note that says ""patient needs help at home"" is not sufficient. The physician's statement should specifically describe which daily activities require assistance and why.
- **Transferring assets to qualify.** The VA has a three-year lookback period for asset transfers. Moving money into an irrevocable trust or gifting assets to family members within three years of applying can result in a penalty period during which benefits are denied.
- **Not appealing denials.** An initial denial is not the end. Many successful claims are approved on appeal after additional evidence is submitted. You typically have one year from the denial date to file an appeal.
- **Applying for the wrong program.** Some veterans apply only for Aid and Attendance when they might qualify for PCAFC or Veteran Directed Care. A VSO can help you identify all programs you should apply for simultaneously.
- **Waiting too long to apply.** Benefits are generally effective from the date the VA receives your application. Every month you delay is a month of benefits lost. File as soon as possible, even while you continue gathering documentation.

## How to Find VA-Eligible Home Care Agencies

Once you have VA benefits in hand, you need to find a home care agency that works with the VA system. Not all agencies accept VA payments, and the process varies depending on which benefit you receive.

For **Aid and Attendance**, you can use any licensed home care agency since you receive the funds directly and pay the agency yourself. This gives you the most flexibility in choosing a provider.

For the **Homemaker/Home Health Aide program**, the VA contracts with specific agencies in each area. Your VA medical center will assign you to a participating provider, though you can request a change if the fit is not right.

For **Veteran Directed Care**, you have broad discretion to hire individuals or agencies of your choosing, subject to your Aging and Disability Network Agency counselor's guidance.

When evaluating agencies, ask whether they have experience working with VA-funded clients, whether their caregivers are trained in the specific needs of aging veterans (including PTSD-informed care), and whether they can coordinate with your VA health care team. Agencies that regularly serve veterans will be familiar with these questions and able to answer them confidently.

## Finding the Right Support

Navigating VA benefits takes patience, but the financial relief these programs provide is substantial. A veteran receiving the maximum Aid and Attendance benefit along with PCAFC caregiver support could see well over $5,000 per month directed toward care costs. The most important step is the first one: determining eligibility and filing an application. If you are unsure where to start, contact a veterans service organization in your area for free guidance.

If you are looking for home care agencies in your area that work with veterans and accept VA benefits, [browse our directory of home care providers](/) to find trusted agencies near you. Many of the agencies listed on Senior Home Care Finder have experience serving veteran families and can help you understand how your specific benefits apply to their services.","Many veterans and their spouses are eligible for VA benefits that cover in-home care costs. This guide explains every program available, eligibility requirements, and how to apply.",Senior Home Care Finder Staff,4/21/2026,https://res.cloudinary.com/dnmrgvjdm/image/upload/v1773970877/VA_Care_si2vcv.png,"Veterans may qualify for home care benefits through the VA. Learn about Aid and Attendance, Housebound benefits, the Veteran Directed Care program, and how to apply.",Published,,Financial Planning
Post-Surgery Home Care for Seniors: What to Expect and How to Prepare,post-surgery-home-care,"Surgery is stressful at any age, but for older adults, the real challenge often begins after the procedure is over. The hospital stay may last only a few days, but the recovery at home can stretch for weeks or even months. During that time, your loved one will need more help than usual — and the quality of that help can make the difference between a smooth recovery and a dangerous setback.

Nearly 20 percent of Medicare patients are readmitted to the hospital within 30 days of discharge. Among seniors recovering from major surgery, that number climbs even higher. Many of these readmissions are preventable. They stem from medication errors, missed follow-up appointments, infections that go unnoticed, or falls that happen because the home was not properly set up for recovery.

Post-surgery home care exists to close that gap. Whether your parent is coming home after a hip replacement or your spouse is recovering from heart surgery, professional in-home caregivers provide the daily support that makes safe recovery possible. This guide covers what that care looks like, how to prepare for it, and what families should know before the surgery date arrives.

## Why Post-Surgery Care Matters More for Seniors

Younger patients can often bounce back from surgery with little more than rest and over-the-counter pain relief. Older adults face a fundamentally different situation. Age-related changes in the body — slower wound healing, reduced bone density, less cardiovascular reserve, and diminished immune function — make recovery harder and complications more likely.

### The Readmission Problem

Hospital readmissions are not just inconvenient. They are expensive, disruptive, and often dangerous. A senior who returns to the hospital within weeks of surgery faces new risks: hospital-acquired infections, delirium from unfamiliar surroundings, and further deconditioning from time spent in bed. Research published in the Journal of the American Geriatrics Society has found that surgical patients over 65 are significantly more likely to experience post-discharge complications than younger patients, particularly when they return to a home environment that has not been adapted for recovery.

### Fall Risk During Recovery

Falls are one of the leading causes of injury for older adults under normal circumstances. After surgery, that risk increases dramatically. Pain medications can cause dizziness and impaired balance. Reduced mobility means muscles weaken quickly. Surgical sites — particularly in the hip, knee, or abdomen — make it difficult to move safely or catch yourself if you stumble. The Centers for Disease Control and Prevention estimates that one in four Americans aged 65 and older falls each year, and the post-surgical period is among the highest-risk windows.

### Medication Complexity

After surgery, most seniors are sent home with a new set of medications — pain relievers, blood thinners, antibiotics, anti-nausea drugs — on top of whatever prescriptions they were already taking. Managing this expanded medication regimen is surprisingly difficult. Doses change, timing matters, and some drugs interact in ways that require careful monitoring. A single missed blood thinner dose or an accidental double dose of a pain medication can create a medical emergency.

## What Post-Surgery Home Caregivers Actually Do

Post-surgery home care is not the same as long-term personal care, though they share some overlap. A post-surgical caregiver focuses specifically on supporting recovery, preventing complications, and helping your loved one regain independence as quickly and safely as possible.

### Medication Management and Reminders

Caregivers help organize medications, set up pill organizers, and provide reminders at the correct times throughout the day. They track what was taken and when, watch for side effects, and communicate concerns to the family or medical team. This is especially important during the first two weeks after surgery, when medication regimens are most complex and the patient may be groggy or confused from anesthesia aftereffects.

### Wound Care and Monitoring

Many post-surgical patients come home with incisions that need regular attention. Caregivers assist with keeping the surgical site clean and dry, changing bandages as directed by the surgical team, and monitoring for signs of infection such as increased redness, swelling, warmth, drainage, or fever. Early detection of a wound complication can prevent a trip back to the emergency room.

### Mobility Assistance and Fall Prevention

Getting in and out of bed, walking to the bathroom, moving from a chair to a standing position — these ordinary movements become significant challenges after surgery. Caregivers provide steady, patient assistance with mobility, helping your loved one follow the physical therapist's instructions while reducing the chance of a fall. They also help with transfers, positioning in bed, and ensuring that walkers, canes, or other assistive devices are used correctly.

### Meal Preparation and Nutrition

Proper nutrition accelerates healing. After surgery, many seniors lose their appetite or find it difficult to prepare meals. Caregivers prepare nutritious meals that align with any dietary restrictions from the surgical team — low sodium after heart surgery, high protein after orthopedic procedures, soft foods after oral surgery. They also ensure the patient stays adequately hydrated, which is critical for recovery and medication absorption.

### Transportation to Follow-Up Appointments

Post-surgical follow-up visits are not optional. Surgeons need to check healing, adjust medications, remove sutures or staples, and clear the patient for increasing activity levels. Many seniors cannot drive themselves to these appointments, and public transportation may be impractical for someone recovering from surgery. Caregivers provide door-to-door transportation and can accompany the patient into the appointment to help relay information to the medical team.

### Light Housekeeping and Errands

Recovery demands rest, and rest is difficult when the house is in disarray. Caregivers handle light housekeeping — laundry, dishes, tidying common areas, taking out trash — so the patient can focus on healing. They can also pick up prescriptions, buy groceries, and manage other errands that the patient cannot do themselves during recovery.

### Companionship and Emotional Support

Recovery can be isolating. Days spent at home with limited mobility, persistent pain, and the frustration of not being able to do things independently take a real toll on mental health. A caregiver provides consistent human connection, conversation, and encouragement. They notice changes in mood or behavior that might indicate depression or anxiety, which are common but often overlooked during surgical recovery.

## Common Surgeries That Benefit from Home Care

While any surgery can warrant professional home care support, certain procedures almost always require it for older adults.

### Hip and Knee Replacement

Joint replacement surgery is one of the most common procedures for seniors, and recovery is lengthy. Patients typically need help with mobility for several weeks, along with assistance following the physical therapy regimen. Weight-bearing restrictions, the need to keep the leg elevated, and limitations on bending or twisting make everyday tasks extremely difficult without help. Most orthopedic surgeons strongly recommend some form of home care for at least the first two to four weeks.

### Heart Surgery

Bypass surgery, valve replacement, and other cardiac procedures require careful monitoring during recovery. Patients must watch for signs of infection at the chest incision site, manage a complex medication schedule, follow cardiac rehabilitation guidelines, and adhere to strict activity restrictions. Fatigue after heart surgery can be profound, often lasting weeks, and many patients need help with virtually all daily activities during that period.

### Cataract Surgery

While cataract surgery is typically outpatient and less invasive, it still requires post-operative care that can be difficult for seniors living alone. Patients must administer eye drops on a precise schedule, avoid bending over or lifting heavy objects, and protect the eye from accidental contact. Vision may be temporarily impaired in ways that make driving, cooking, and navigating the home unsafe.

### Hernia Repair

Hernia surgery — whether open or laparoscopic — comes with lifting restrictions that can last four to six weeks. For a senior who lives alone, this means they cannot carry groceries, move laundry, or handle many routine tasks. Recovery also involves pain management and monitoring the incision site for signs of recurrence or infection.

### Spinal Surgery

Procedures such as laminectomy, spinal fusion, or disc replacement come with significant mobility restrictions. Patients may need help with bending, reaching, climbing stairs, and getting in and out of bed. Physical therapy is usually a critical part of recovery, and a caregiver can help ensure exercises are performed safely and consistently.

## Preparing Your Home Before Surgery

One of the most valuable things families can do is prepare the home before the patient returns from the hospital. A well-prepared environment reduces fall risk, makes daily tasks easier, and removes obstacles to recovery.

### Clear Pathways and Remove Hazards

Walk through every room your loved one will use and remove anything that could cause a trip or fall. Roll up area rugs or secure them with non-slip tape. Move electrical cords away from walkways. Ensure hallways and doorways are wide enough for a walker or wheelchair. Pick up clutter from floors and stairs.

### Install Grab Bars and Safety Equipment

The bathroom is the most dangerous room in the house for post-surgical patients. Install grab bars near the toilet and inside the shower or tub. Place a non-slip mat in the shower. Consider a raised toilet seat if your loved one has had hip or knee surgery, as sitting down low can be painful or even prohibited. A shower chair or bench allows bathing without the risk of standing on wet surfaces.

### Set Up the Recovery Space

Choose a room on the main floor if possible, so your loved one does not need to navigate stairs. Make sure the bed is at a comfortable height for getting in and out. Place a sturdy table within arm's reach for medications, water, phone, and remote controls. Ensure good lighting, particularly along the path from bed to bathroom. If the patient will use a hospital bed or specialty equipment, arrange delivery before the surgery date.

### Stock Up on Supplies

Before surgery day, gather everything your loved one will need during the first week or two of recovery: prescribed medications, bandages and wound care supplies, comfortable loose-fitting clothing that is easy to put on, ice packs, a thermometer, and plenty of easy-to-prepare foods. Having these items ready means fewer emergency trips to the store.

## Working with the Hospital Discharge Team

The transition from hospital to home is one of the most vulnerable moments in a patient's recovery. A strong discharge plan makes that transition safer.

### Ask the Right Questions Before Leaving the Hospital

Before your loved one is discharged, make sure you have clear answers to the following: What medications should be taken and on what schedule? What activities are restricted and for how long? What are the warning signs that require an immediate call to the doctor or a trip to the emergency room? When are the follow-up appointments? What should wound care look like, and how often should bandages be changed? Are there dietary restrictions?

### Request a Written Care Plan

Do not rely on verbal instructions alone. Ask for printed discharge paperwork that includes medication lists, activity restrictions, wound care instructions, and emergency contact numbers. Many hospitals provide this automatically, but it is worth confirming that you have a complete copy before leaving.

### Coordinate with Your Home Care Agency

If you have arranged post-surgery home care, share the discharge plan with the agency before your loved one comes home. The caregiver assigned to the case should understand the specific surgery, the recovery timeline, the medication schedule, and any restrictions. The best agencies will communicate directly with the hospital's discharge planner to ensure a seamless handoff.

## How Long Does Post-Surgery Home Care Typically Last

The duration of post-surgery home care depends on the procedure, the patient's overall health, and how recovery progresses. General guidelines can help families plan.

For minor procedures like cataract surgery or simple hernia repair, one to two weeks of part-time care — a few hours per day — is often sufficient. For major orthopedic surgery such as hip or knee replacement, most patients benefit from two to six weeks of care, starting with full-day or even overnight support and gradually decreasing as independence returns. After heart surgery or spinal procedures, care may be needed for four to eight weeks or longer, particularly if the patient has other chronic health conditions that complicate recovery.

It is wise to plan for more care than you think you will need. Scaling back is easy; scrambling to find additional help when a complication arises is not.

## Understanding Cost and Insurance Coverage

Post-surgery home care is an investment in safe recovery, and understanding the financial landscape helps families make informed decisions.

### Medicare Coverage

Medicare covers home health care services — skilled nursing, physical therapy, and occupational therapy — when ordered by a doctor and provided by a Medicare-certified home health agency. However, Medicare does not cover non-medical personal care services such as meal preparation, housekeeping, or companionship. Many families need both: skilled services for medical needs and non-medical home care for daily living support.

### Private Insurance and Medicare Advantage

Some private insurance plans and Medicare Advantage plans include post-surgical home care benefits. Coverage varies significantly between plans, so contact your insurer before surgery to understand what is included, how many hours or visits are covered, and whether pre-authorization is required.

### Private Pay

For non-medical home care — the type that covers meal prep, mobility assistance, medication reminders, and companionship — most families pay out of pocket. Rates vary by region and level of care but typically range from $25 to $40 per hour. Some agencies offer reduced rates for longer daily shifts or multi-week commitments. When evaluating the cost, consider it alongside the cost of a hospital readmission, which averages over $15,000 for Medicare patients.

### Veterans Benefits

Veterans may qualify for home care benefits through the VA Aid and Attendance program, which provides a monthly allowance to help cover the cost of in-home care. If your loved one is a veteran or the surviving spouse of a veteran, contact your local VA office to learn about eligibility.

## When to Call the Doctor During Recovery

Knowing when to seek medical attention is one of the most important aspects of post-surgery home care. Families and caregivers should watch for these warning signs and contact the surgeon or go to the emergency room if they occur.

- **Fever above 101 degrees Fahrenheit.** A low-grade fever in the first day or two after surgery can be normal, but a persistent or rising fever may indicate infection.
- **Increased redness, swelling, or drainage at the surgical site.** Some redness is expected, but worsening redness, pus, or foul-smelling drainage are red flags.
- **Sudden or severe pain that is not relieved by prescribed medications.** Pain should gradually improve. If it suddenly worsens, something may be wrong.
- **Shortness of breath or chest pain.** These could indicate a blood clot, particularly after orthopedic or abdominal surgery, and require immediate medical attention.
- **Confusion or sudden changes in mental status.** Post-operative delirium is common in older adults and should be reported to the medical team promptly.
- **Signs of dehydration.** Dark urine, dizziness, dry mouth, and reduced urination can indicate dehydration, which impairs healing and can lead to other complications.
- **Inability to keep food or medications down.** Persistent nausea or vomiting interferes with nutrition and medication adherence, both of which are essential for recovery.

A good caregiver is trained to recognize these warning signs early, often before the patient or family members notice them.

## Making the Decision

Arranging post-surgery home care is not an admission of weakness or failure. It is a practical step that dramatically improves outcomes. Seniors who have professional support during recovery are less likely to fall, less likely to be readmitted to the hospital, and more likely to regain their independence on schedule.

The best time to arrange care is before the surgery happens. Waiting until discharge day to scramble for help creates unnecessary stress during an already stressful time. Start the conversation with home care agencies at least two weeks before the scheduled procedure, so there is time to find the right fit, share medical information, and prepare the home.

If someone you love has surgery on the horizon, take the first step today. [Browse local home care agencies on Senior Home Care Finder](https://seniorhomecarefinder.com) to connect with providers in your area who specialize in post-surgical recovery care. A safe recovery starts with the right support.",Nearly 20% of seniors are readmitted to the hospital within 30 days of surgery. Professional post-surgery home care can help your loved one recover safely and avoid costly complications.,Senior Home Care Finder Staff,3/10/2026,https://res.cloudinary.com/dnmrgvjdm/image/upload/v1773971191/ElderlyCarePostSurgery_ycvato.png,"Recovering from surgery at home? Learn what post-surgery home care includes, how to prepare your home, what questions to ask, and how professional caregivers can prevent complications.",Published,,Guides
Long-Distance Caregiving: How to Support an Aging Parent from Afar,long-distance-caregiving-tips,"You live hundreds of miles from your aging parent. You call every evening, worry between calls, and feel a knot in your stomach every time the phone rings at an odd hour. If this sounds familiar, you are far from alone. According to the National Alliance for Caregiving and AARP, roughly 11 percent of the estimated 53 million family caregivers in the United States provide care from a distance of an hour or more away. That translates to nearly six million people juggling jobs, families, and the constant concern that comes with not being able to check in on a parent face to face.

Long-distance caregiving is not a lesser form of caregiving. It simply requires a different set of tools, strategies, and support structures. This guide walks through the most important steps you can take to ensure your parent receives quality care even when you cannot be there in person.

## Understanding the Scope of Long-Distance Caregiving

Research from the MetLife Mature Market Institute found that long-distance caregivers spend an average of $12,000 per year on caregiving-related expenses, roughly twice what local caregivers spend. The added costs come from travel, hiring professional help to fill the gap left by physical distance, and the productivity lost at work from managing logistics across time zones.

Distance does not diminish the emotional weight of caregiving either. Studies consistently show that long-distance caregivers experience levels of stress and anxiety comparable to or even exceeding those of caregivers who live nearby. The lack of firsthand observation, the reliance on secondhand information, and the feeling of helplessness all compound the emotional burden.

Understanding these realities is the first step toward managing them. When you accept that distance is a constraint you must plan around rather than a failing on your part, you free yourself to focus on what you can control.

## Building a Local Care Team

The single most impactful thing a long-distance caregiver can do is assemble a reliable network of people near their parent. No amount of phone calls or video chats can replace having trusted individuals on the ground.

### Home Care Agencies

A reputable home care agency can provide everything from a few hours of companionship per week to round-the-clock skilled nursing. When evaluating agencies, ask about caregiver screening processes, backup staffing plans for when a regular aide is unavailable, and how they communicate with family members. Many agencies now offer online portals or mobile apps where you can view visit notes, schedules, and updates in real time.

### Geriatric Care Managers

Also known as aging life care professionals, geriatric care managers are trained specialists, usually nurses or social workers, who can serve as your local eyes and ears. They conduct in-home assessments, coordinate medical appointments, negotiate with insurance companies, and provide regular reports. While their services come at a cost, typically $100 to $250 per hour, the peace of mind and expert coordination they provide can be well worth the investment, especially during transitions such as a hospital discharge or a move to assisted living.

### Neighbors, Friends, and Faith Communities

Do not underestimate the value of informal support. A neighbor who checks in weekly, a friend from church who drives your parent to services, or a fellow retiree who shares meals can all contribute meaningfully to your parent's wellbeing. Make a point of introducing yourself to these individuals, exchanging contact information, and expressing genuine gratitude for their involvement.

### Organizing Your Team

Create a shared contact list that includes every member of your parent's care network: doctors, pharmacist, home care aide, geriatric care manager, emergency contacts, neighbors, and any other family members involved. Keep this list updated and accessible to everyone who might need it. A simple shared document or a caregiving coordination app can serve this purpose well.

## Using Technology for Remote Monitoring and Connection

Technology cannot replace human presence, but it can dramatically reduce the information gap that makes long-distance caregiving so stressful.

### Medical Alert Systems

A personal emergency response system gives your parent a wearable button that connects them to a 24/7 monitoring center at the press of a button. Modern systems go well beyond the basic pendant. Many now include automatic fall detection, GPS tracking for parents who wander, and two-way communication. Some integrate with smartphone apps that notify you immediately when an alert is triggered.

### Video Calls and Communication

Regular video calls allow you to do more than just hear your parent's voice. You can observe their appearance, the state of their home, and their general demeanor in ways that a phone call simply cannot reveal. Establish a consistent schedule, daily or every other day, so that the calls become a routine rather than an interruption. For parents who struggle with smartphones or tablets, consider a device designed specifically for seniors, such as a simplified tablet with a large screen and one-touch video calling.

### Smart Home Devices

Smart home sensors can track daily patterns without being intrusive. Motion sensors placed in key areas such as the kitchen, bathroom, and bedroom can alert you if your parent's routine changes significantly, for example, if they stop going to the kitchen in the morning. Smart plugs can monitor whether appliances like the coffee maker or stove are being used. Smart door locks and video doorbells let you know when visitors or care aides arrive and leave.

### Automated Medication Dispensers

Medication non-adherence is one of the leading causes of hospitalization among older adults. An automated pill dispenser can be pre-loaded with medications, programmed to dispense at specific times, and set to send alerts to you and your parent if a dose is missed. Some models lock between scheduled doses to prevent accidental double-dosing.

## Organizing Important Documents

One of the most valuable things you can do during a visit, or even over the phone, is ensure that all of your parent's critical documents are organized and accessible. If a medical emergency occurs at 2 a.m. and you are 800 miles away, you need to know exactly where everything is.

### Essential Documents to Locate and Copy

- Advance directive and living will
- Durable power of attorney for healthcare and finances
- Insurance cards and policy documents (Medicare, Medigap, long-term care insurance)
- List of current medications with dosages and prescribing doctors
- Contact information for all physicians and specialists
- Social Security and pension information
- Property deeds, mortgage documents, and vehicle titles
- Bank and investment account information
- Most recent tax returns

Store digital copies in a secure, shared location such as an encrypted cloud folder. Keep physical copies in a known, accessible place in your parent's home, and make sure at least one trusted local contact knows where they are.

## Coordinating Medical Care from a Distance

Managing a parent's healthcare remotely requires proactive communication with their medical providers.

### Establishing Communication with Providers

Ask your parent to sign HIPAA authorization forms that allow their doctors to share medical information with you. Without this documentation, providers are legally prohibited from discussing your parent's care with you, no matter how involved you are. Keep signed copies on file with every provider.

### Making the Most of Appointments

When you cannot attend appointments in person, ask if the provider offers telehealth visits that you can join remotely. If not, prepare a written list of questions and concerns for whoever accompanies your parent, and request that they take notes or record the visit with the doctor's permission. Many patient portals now allow you to view test results, medication changes, and visit summaries online.

### Building a Relationship with the Primary Care Physician

Your parent's primary care physician is the quarterback of their medical team. Try to establish a direct line of communication, even if it is just through the patient portal's messaging system. A brief introductory message explaining your role and your parent's situation can go a long way toward ensuring you stay informed.

## Making the Most of In-Person Visits

When you do travel to see your parent, resist the temptation to spend the entire visit on logistics. Balance practical tasks with quality time. That said, each visit is an important opportunity to assess your parent's situation firsthand.

### An Assessment Checklist for Visits

Walk through the home with fresh eyes and note any concerns:

- **Physical condition:** Has your parent lost weight? Do they appear well-groomed? Are they steady on their feet?
- **Home safety:** Are there tripping hazards, burned-out light bulbs, expired food in the refrigerator, or signs of neglect?
- **Cognitive changes:** Are bills piling up? Is mail unopened? Does your parent repeat stories more than usual or seem confused about dates and events?
- **Social engagement:** Is your parent still seeing friends? Attending activities? Or have they become increasingly isolated?
- **Driving ability:** Look at the car for new dents or scrapes. Ride along as a passenger and observe their driving.

### Meeting with the Care Team

Schedule meetings with your parent's home care aide, geriatric care manager, or primary care physician during your visit. Face-to-face introductions build trust and make future phone or email communication more effective. Use these meetings to discuss any changes you have observed and to adjust the care plan if needed.

## Managing Guilt and Emotional Stress

Guilt is perhaps the most universal emotion among long-distance caregivers. You may feel guilty for not being there, guilty for the burden placed on siblings or local helpers, guilty for feeling relieved when you go back to your own life. These feelings are normal, and they do not mean you are failing.

### Strategies for Emotional Wellbeing

**Acknowledge your limits.** You cannot be in two places at once. Accepting this fact is not giving up; it is being realistic.

**Focus on your strengths.** Long-distance caregivers are often well-positioned to handle tasks that do not require physical presence: researching care options, managing finances, coordinating insurance claims, and providing emotional support by phone.

**Stay connected to your own support system.** Talk to friends, join a caregiver support group (many meet online, which is ideal for long-distance caregivers), or consider speaking with a therapist who specializes in caregiver stress.

**Communicate openly with siblings and other family members.** Resentment often builds when caregiving responsibilities feel unequal. Regular family meetings, even by conference call, can help distribute tasks according to each person's strengths and availability rather than proximity alone.

**Set boundaries with yourself.** You do not need to answer every call immediately, solve every problem the same day, or carry the entire weight of your parent's care on your shoulders. Sustainable caregiving requires pacing.

## Financial Considerations

Long-distance caregiving comes with expenses that can strain even a healthy budget. Planning ahead helps prevent financial stress from compounding the emotional toll.

### Common Costs to Anticipate

- **Travel:** Airfare, gas, rental cars, and lodging if your parent's home cannot accommodate you. Booking flights in advance and using travel rewards can reduce costs.
- **Professional care coordination:** Geriatric care managers, home care agencies, and adult day programs all carry recurring costs.
- **Technology:** Medical alert systems, smart home devices, and medication dispensers involve upfront costs and often monthly monitoring fees.
- **Lost income:** Time away from work for visits, phone calls during business hours, and the mental distraction of caregiving can all affect your earning capacity.

### Tax Benefits and Financial Resources

Some caregiving expenses may be tax-deductible. If you provide more than half of your parent's financial support, you may be able to claim them as a dependent. Medical expenses that exceed a certain percentage of your adjusted gross income may also be deductible. Consult a tax professional familiar with eldercare to ensure you are taking advantage of every available benefit.

Additionally, look into whether your parent qualifies for programs such as Medicaid, Veterans Aid and Attendance benefits, or state-funded home care programs. A geriatric care manager or your local Area Agency on Aging can help identify resources.

## When to Consider a Bigger Change

There may come a point when the logistics of long-distance caregiving become unsustainable, or when your parent's needs exceed what can be managed remotely. Recognizing that moment is not a failure. It is responsible caregiving.

### Moving Your Parent Closer to You

Relocating a parent to your area can solve the distance problem, but it introduces new challenges. Your parent will leave behind their social network, familiar routines, and the comfort of a known environment. If you are considering this option, involve your parent in the decision as much as possible, research senior-friendly housing and care options in your area thoroughly, and plan for an adjustment period that may be difficult for everyone.

### Moving Your Parent into a Care Community

If your parent's needs have progressed to the point where in-home care is no longer sufficient, whether due to advanced dementia, complex medical needs, or safety concerns, an assisted living community or nursing facility may offer the level of support they require. This is one of the hardest decisions a caregiver can face. Give yourself permission to grieve the transition while recognizing that ensuring your parent's safety and quality of care is an act of love.

### Increasing In-Home Support

Before making a major move, consider whether increasing the level of in-home care could bridge the gap. Many families find that adding more hours with a home care aide, bringing in a night-shift caregiver, or combining agency care with adult day programs allows their parent to remain safely at home longer.

## Taking the Next Step

Long-distance caregiving is demanding, but it is entirely possible to provide excellent care from afar when you have the right support in place. The foundation of that support is a trustworthy local care team, and for most families, a reliable home care agency is the cornerstone.

If you are looking for qualified home care agencies in your parent's area, we can help. Browse our directory by state and city to find vetted agencies near your loved one, read reviews from other families, and take the first step toward building the local care network your parent deserves.","Millions of Americans care for aging parents who live hours or states away. This guide offers practical strategies for coordinating care, building a local support team, and managing the emotional toll of long-distance caregiving.",Senior Home Care Finder Staff,3/23/2026,https://res.cloudinary.com/dnmrgvjdm/image/upload/v1773971580/LongDistanceSupport_kvhfzm.png,"Caring for an aging parent from a distance presents unique challenges. Learn practical strategies for coordinating care, staying connected, and finding local help you can trust.",Published,,Family Caregiving
Home Safety Checklist for Seniors: A Room-by-Room Guide,home-safety-checklist-for-seniors,"Every year, roughly three million older adults are treated in emergency departments for fall-related injuries. Many of those falls happen at home, in rooms the person has walked through thousands of times. The cruel irony of aging in place is that the home you know best can quietly become the most dangerous place you spend time.

The good news is that most household hazards are fixable, many in a single afternoon. This room-by-room checklist will help you walk through your loved one's home with fresh eyes, identify the risks, and take practical steps to eliminate them. Grab a notepad, start at the front door, and work your way through.

## Bathroom

The bathroom is the single most dangerous room in the house for seniors. Hard surfaces, water, and the physical demands of bathing and toileting create a perfect storm of fall risk.

### Grab Bars

- Install grab bars next to the toilet, on both sides if possible. Mount into wall studs or with toggle bolts rated for at least 250 pounds. Suction-cup grab bars are unreliable and should not be used as a primary support.
- Install grab bars inside the shower or tub, both vertically (for stepping in and out) and horizontally (for steadying yourself while standing).
- Consider an L-shaped grab bar near the shower controls so your loved one does not have to reach across a wet surface.

### Shower and Tub Safety

- Place non-slip mats or adhesive strips inside the tub or shower floor. Replace them when they start to curl or lose grip.
- If stepping over a tub wall is becoming difficult, consider a walk-in shower conversion. This is one of the highest-impact bathroom modifications you can make.
- Add a shower chair or transfer bench so bathing can happen while seated. Choose one with rubber-tipped legs and a backrest.
- Install a handheld showerhead on a slide bar. This allows your loved one to shower while seated and control the water direction without twisting or reaching.

### Toilet Area

- If your loved one struggles to sit down or stand up from the toilet, install a raised toilet seat. Models with built-in armrests provide additional stability.
- Make sure the toilet paper holder is within easy reach and does not require leaning or twisting.

### General Bathroom Tips

- Use a nightlight or motion-activated light so your loved one never enters the bathroom in the dark.
- Remove bath mats that slide. Replace them with mats that have strong non-slip backing, or skip them entirely and use non-slip strips on the floor instead.
- Keep frequently used items — soap, shampoo, towels, toiletries — at waist height so there is no bending or overhead reaching required.
- Make sure the bathroom door can be unlocked from the outside in case of an emergency.

## Kitchen

The kitchen presents a unique combination of risks: heat, sharp objects, hard flooring, and the fatigue that comes from standing while preparing meals.

### Stove and Cooking Safety

- If your loved one uses a gas stove and has any history of forgetfulness, consider switching to an induction cooktop. Induction surfaces only heat when a compatible pan is placed on them and cool quickly.
- Install an automatic stove shut-off device that detects when a stove has been left unattended and turns it off.
- Keep a fire extinguisher within reach — mounted on the wall, not tucked behind something under the sink. Make sure your loved one knows how to use it, and check the expiration date.
- Keep dish towels and anything flammable away from the stove surface.

### Organization and Accessibility

- Move everyday dishes, glasses, and cooking tools to lower cabinets and countertop level. Nothing your loved one uses daily should require a step stool.
- If a step stool is still used occasionally, replace it with a sturdy model that has a handrail and wide, non-slip steps.
- Store heavy items like cast iron pans at waist height to avoid lifting overhead or bending low.
- Use a lazy Susan in deep corner cabinets so items are reachable without straining.

### Floor and Fatigue

- Place an anti-fatigue mat in front of the sink and primary prep area. Choose one with beveled edges so it does not become a trip hazard.
- Clean up spills immediately. Keep a roll of paper towels or a mop within easy reach so there is no temptation to ""get to it later.""
- Make sure the floor between the kitchen and dining area is level with no transition strips that could catch a toe.

## Bedroom

Falls at night — the groggy, half-asleep trip to the bathroom — are some of the most common and most dangerous falls among seniors.

### Bed Setup

- Check the bed height. When sitting on the edge of the mattress, feet should be flat on the floor with knees at roughly a 90-degree angle. A bed that is too low makes standing difficult; too high increases the risk of falling when getting in.
- Consider a bed rail or assist handle that tucks between the mattress and box spring. This gives your loved one something to grip when rolling over or getting up.
- Keep a phone or medical alert device on the nightstand, within arm's reach from the bed.

### Lighting and Pathways

- Install nightlights along the path from bed to bathroom. Motion-activated models are ideal because they require no fumbling for switches.
- Keep the path from the bed to the bathroom completely clear. No shoes, no extension cords, no stacks of books on the floor. Walk this path yourself in the dark to feel what it is like.
- Place a lamp on the nightstand that is easy to turn on — a touch lamp or one with a large, simple switch — so your loved one never has to cross the room in total darkness.

### Clothing

- Replace slippery socks and worn slippers with non-skid footwear. Socks with rubberized grip on the soles are an inexpensive fix.
- Arrange the closet so daily clothing is between waist and shoulder height.

## Living Areas

Living rooms and dens tend to accumulate furniture arrangements that made sense years ago but create obstacles now.

### Rugs and Flooring

- Remove all throw rugs. This is the single most impactful fall-prevention step in most homes. If your loved one insists on keeping a rug, secure it with double-sided carpet tape and make sure the edges lie completely flat.
- Check for raised thresholds between rooms. Sand down or replace any transition strip that creates a lip higher than a quarter inch.

### Furniture Arrangement

- Create wide, clear walking paths through every room. Your loved one should be able to walk from the entrance to their favorite chair without stepping over anything.
- Make sure the primary chair is the right height and firmness to make standing up easy. A seat cushion riser or a power-lift recliner can make an enormous difference.
- Remove or relocate low coffee tables, magazine racks, and ottomans that sit in walking paths.

### Cords and Cables

- Secure all electrical cords against the wall using cord covers or cable clips.
- If the home relies on extension cords for daily use, hire an electrician to add outlets where they are needed. This modest investment eliminates a constant trip risk.

### General Living Area Tips

- Keep a phone in every room your loved one spends time in, or ensure they wear a medical alert pendant at all times.
- Make sure remote controls, reading glasses, and other frequently used items have a consistent, reachable spot. Getting up to search for lost items is a common fall trigger.

## Stairs and Hallways

A fall on stairs is far more likely to result in a serious fracture or head injury than a fall on a level surface.

### Handrails

- Ensure there is a sturdy handrail on both sides of every staircase. The rails should extend the full length of the stairs and be securely mounted into wall studs.
- If the handrails are smooth or slippery, add a textured grip cover.
- Handrails should also be installed along long hallways if your loved one uses them for balance.

### Lighting

- Stairs should be brightly lit from top to bottom. Install light switches at both the top and bottom of every staircase so the lights can be turned on before ascending or descending.
- Consider adding LED strip lights along the stair nosing (the front edge of each step) so the edge of each stair is clearly visible.

### Stair Condition

- Make sure all stair treads are in good condition with no loose carpet, cracked wood, or uneven surfaces.
- If the stairs are hardwood or tile, add non-slip stair treads to every step.
- If stairs feel genuinely risky, consider a stair lift or a main-floor bedroom arrangement. A stair gate at the top of the stairs can serve as a reminder to avoid stairs during the night.

### Hallways

- Hallways should be free of clutter, including stored boxes, shoes, and furniture that narrows the walkway.
- Add nightlights or motion-activated lights along hallways so they are never dark.

## Entrance and Exterior

The path from the car to the front door is where many falls happen, especially in wet or icy conditions.

### Walkways and Ramps

- Repair any cracked, uneven, or heaving sections of sidewalk or driveway. Even a half-inch lip can catch a shuffling foot.
- If there are steps at the entrance, install a sturdy handrail on at least one side, ideally both.
- If your loved one uses a walker or wheelchair, install a ramp with a gentle slope (no steeper than 1:12), non-slip surfaces, and railings on both sides.

### Lighting and Visibility

- Install bright, motion-activated exterior lights at every entrance. Your loved one should never have to fumble with keys in the dark.
- Make sure the house number is clearly visible from the street for emergency responders.

### Access and Security

- Consider a key lockbox mounted near the door so family members, caregivers, and emergency responders can access the home without your loved one needing to rush to the door.
- If the front door has a high threshold, add a beveled threshold ramp to reduce the tripping risk.
- Keep the porch and entryway clear of packages, welcome mats with curled edges, and potted plants that narrow the path.

## Lighting Throughout the Home

Poor lighting is a factor in a disproportionate number of falls among older adults. Age-related vision changes mean seniors need two to three times more light than younger adults to see the same level of detail.

- Replace dim bulbs with bright LED bulbs throughout the home. Aim for at least 60-watt equivalent in living areas and 75-watt equivalent in task areas like the kitchen.
- Use daylight-temperature bulbs (5000K) in kitchens and bathrooms, and warmer bulbs (2700K-3000K) in bedrooms and living areas.
- Make sure every room has a light switch near the doorway so no one has to cross a dark room to turn on a lamp.
- Add motion-activated lights in closets, pantries, garages, and any area where someone might enter with full hands.

## Emergency Preparedness

Even in a perfectly modified home, emergencies happen. Preparation is the difference between a bad moment and a catastrophe.

### Medical Alert Systems

- If your loved one lives alone or spends significant time alone, a medical alert system is one of the most important safety investments you can make. Modern systems include wearable pendants, smartwatch-style devices, and wall-mounted buttons.
- Choose a system with automatic fall detection if your loved one might not be able to press a button after a fall.
- Test the system monthly and make sure it is worn consistently. A device in a nightstand drawer does nothing.

### Emergency Information

- Post a list of emergency contacts in large print on the refrigerator. Include family members, the primary care physician, the pharmacy, and the home care agency.
- Keep an up-to-date medication list in the same visible spot. Emergency responders need this information, and in a crisis your loved one may not recall every medication and dosage.
- Make sure at least one family member has copies of medical power of attorney, advance directives, and insurance cards.

### Fire and Carbon Monoxide Safety

- Test all smoke detectors and carbon monoxide detectors. Replace batteries twice a year, and replace the units themselves every ten years.
- If hearing loss is a factor, install alarms with strobe lights or bed-shaker attachments.
- Review the fire escape plan. Is there a clear path to an exterior door from the bedroom?

## Technology Aids

Modern technology offers some genuinely useful tools for senior safety that were not available even a few years ago.

- **Smart home devices.** Voice-activated assistants can turn lights on and off, make phone calls, set medication reminders, and call for help — all hands-free.
- **Smart locks.** Keyless entry eliminates fumbling with keys and allows you to grant access to caregivers remotely.
- **Video doorbells.** These let your loved one see who is at the door without getting up, and allow family members to monitor visitors remotely.
- **Medication dispensers.** Automated pill dispensers organize medications by dose and time, and sound an alarm when it is time to take them. Some models lock to prevent double-dosing.
- **Motion sensors.** Placed in key locations, these can alert family members if your loved one has not moved through their normal routine.

The right devices can fill the gaps between caregiver visits and provide peace of mind for family members who cannot be there every day.

## When to Get a Professional Home Safety Assessment

This checklist will catch the most common hazards, but it is not a substitute for a trained eye. Consider bringing in a professional if:

- Your loved one has already experienced a fall, even without injury. A fall is a strong predictor of future falls, and a professional can identify contributing factors you might miss.
- Significant mobility changes are underway — a new walker, a recent hip replacement, a progressive condition like Parkinson's disease.
- The home has structural challenges such as narrow doorways, split-level layouts, or bathrooms that are difficult to modify.
- You are unsure which modifications will provide the most benefit. An occupational therapist specializing in home modifications can help you prioritize.

Many home care agencies offer free in-home safety assessments as part of their initial consultation, with no obligation to sign up for ongoing care. If you are not sure where to start, [search for a home care agency in your area](/), ask whether they offer a safety walkthrough, and take advantage of their expertise. A professional set of eyes on your loved one's home can uncover risks that even the most attentive family member overlooks — and it may be the step that prevents the fall that changes everything.",Falls are the leading cause of injury for adults over 65. This room-by-room safety checklist helps you identify and fix hazards so your loved one can age in place safely.,Senior Home Care Finder Staff,4/15/2026,https://res.cloudinary.com/dnmrgvjdm/image/upload/v1773972148/KitchenSafety_dnleed.png," Make your loved one's home safer with this room-by-room checklist. Covers bathroom grab bars, kitchen safety, fall prevention, lighting, stairs, and emergency preparedness for seniors aging in place.",Published,,Tips
Does Medicare Cover Home Care? What Seniors and Families Need to Know,does-medicare-cover-home-care,"Few questions cause more confusion and frustration for families than this one: ""Will Medicare pay for home care?"" The short answer is that Medicare covers some home health services under specific conditions, but it does not cover the kind of ongoing personal care assistance that most families are actually looking for. Understanding the difference can save you weeks of dead ends and thousands of dollars in unexpected costs.

This guide breaks down exactly what Medicare pays for, what it does not, and what alternatives exist when Medicare falls short.

## The Critical Distinction: Home Health Care vs. Home Care

Before anything else, you need to understand a distinction that Medicare makes but rarely explains clearly. There are two very different types of in-home services, and Medicare only covers one of them.

**Home health care** refers to skilled medical services provided in your home by licensed professionals. This includes nursing care, physical therapy, occupational therapy, speech therapy, and medical social work. These services are prescribed by a doctor and delivered by a Medicare-certified home health agency. Medicare covers this.

**Home care** (also called personal care, custodial care, or non-medical home care) refers to help with everyday activities like bathing, dressing, cooking, light housekeeping, medication reminders, companionship, and transportation to appointments. These services are provided by home care aides or caregivers who may not hold medical licenses. Medicare does not cover this.

The confusion arises because families often need both. A senior recovering from hip surgery may need a physical therapist three times a week (covered by Medicare) and someone to help with bathing and meals every day (not covered). When the doctor says ""you qualify for home health,"" families understandably assume that means all their home care needs are taken care of. They are not.

## What Medicare Part A and Part B Cover for Home Health

Medicare home health benefits are shared between Part A (hospital insurance) and Part B (medical insurance). In practice, most beneficiaries do not need to worry about which part is paying because the coverage works the same way and there is no copay or deductible for home health services regardless of which part covers them.

### Covered Services

Medicare will pay for the following home health services when you meet the eligibility requirements:

- **Skilled nursing care** -- Wound care, injections, IV therapy, catheter care, medication management, monitoring of vital signs and chronic conditions, and teaching the patient or family to manage care independently.
- **Physical therapy** -- Exercises and treatments to restore movement, strength, and function after surgery, injury, or illness.
- **Occupational therapy** -- Training to perform daily activities like dressing, eating, and using the bathroom safely and independently.
- **Speech-language pathology** -- Treatment for speech, language, and swallowing disorders.
- **Medical social services** -- Counseling, help finding community resources, and assistance with the emotional aspects of illness.
- **Home health aide services** -- Limited personal care (bathing, dressing, grooming) provided as part of a skilled care plan. This is the only type of personal care Medicare covers, and it is only available when you are also receiving skilled nursing or therapy services.
- **Medical supplies and durable medical equipment** -- Items like wound dressings, walkers, wheelchairs, and hospital beds. You pay 20 percent of the Medicare-approved amount for durable medical equipment.

### What Is Not Covered

Even within a Medicare home health episode, the following are not covered:

- 24-hour home care or round-the-clock nursing
- Homemaker services (cooking, cleaning, laundry) when that is the only care you need
- Personal care (bathing, dressing) when you are not also receiving skilled care
- Meal delivery
- Companionship or supervision
- Transportation that is not part of a medical appointment

## Eligibility Requirements for Medicare Home Health

Meeting the eligibility criteria is where many families run into problems. All four of the following conditions must be met for Medicare to cover home health services.

### 1. You Must Be Homebound

This is the requirement that trips up the most people. Medicare defines ""homebound"" more loosely than most families expect, but it is still a real restriction.

To qualify as homebound, leaving your home must require considerable and taxing effort. This can mean you need the help of another person, a wheelchair, walker, or crutches to leave. It can mean you have a condition that makes leaving medically inadvisable.

However, being homebound does not mean you are bedridden or can never leave the house. You can still qualify if you leave home for medical appointments, religious services, adult day programs, or occasional trips like getting a haircut or attending a family event. The key is that these outings are infrequent, short in duration, and require effort.

Your doctor must certify that you are homebound. If Medicare determines you are not actually homebound, your claims will be denied and you may be responsible for the costs.

### 2. You Must Need Skilled Care

Medicare requires that you need at least one of the following: skilled nursing care on an intermittent basis, physical therapy, speech-language pathology, or continued occupational therapy. The care must require the skills of a licensed professional and cannot be something that could safely be performed by a non-professional caregiver.

""Intermittent"" generally means you need skilled care fewer than seven days a week, or you need skilled nursing for a finite and predictable period of time. If you need daily skilled nursing indefinitely, you may not qualify for home health and might instead need a skilled nursing facility.

### 3. A Doctor Must Order the Services

Your physician (or an allowed practitioner such as a nurse practitioner or physician assistant) must establish a plan of care and certify that you need home health services. The plan of care must be reviewed and renewed every 60 days.

### 4. The Agency Must Be Medicare-Certified

The home health agency providing your care must be certified by Medicare. Not all home care agencies carry this certification. Agencies that provide only non-medical personal care services typically are not Medicare-certified because they do not provide the skilled services that Medicare covers.

## The 60-Day Episode of Care

Medicare organizes home health services into 60-day episodes. At the start of each episode, your doctor creates or renews a plan of care outlining what services you need and how often. At the end of 60 days, if you still need skilled care and still meet the eligibility requirements, your doctor can certify a new episode.

There is no hard limit on how many 60-day episodes you can receive, as long as you continue to qualify. However, Medicare expects home health to produce measurable progress or maintain your condition to prevent decline. If you plateau and no longer need skilled care to maintain your condition safely, Medicare will stop covering services.

During each episode, you pay nothing for home health services. There are no copays and no deductible for home health visits. You do pay 20 percent of the Medicare-approved amount for durable medical equipment.

## What Happens When Medicare Home Health Ends

This is the moment that blindsides many families. Medicare home health ends when you no longer meet the eligibility criteria, which usually means one of the following:

- You have recovered enough that you no longer need skilled care.
- You are no longer considered homebound.
- Your condition has stabilized and skilled maintenance can be handled by a non-professional.

The problem is that ""no longer needing skilled care"" does not mean ""no longer needing help."" A senior who has finished physical therapy after a fall may still be unsteady on their feet, need help bathing, and be unsafe cooking alone. Medicare considers that person recovered. The family sees someone who still needs daily assistance.

This is the gap that catches people off guard. Once Medicare home health ends, there is no Medicare benefit that covers ongoing personal care at home. Families must find and fund that care themselves, which is why understanding the alternatives is so important.

## Medicare Advantage Plans and Home Care Benefits

Medicare Advantage plans (Part C) are private insurance plans that provide all your Part A and Part B benefits. They must cover everything Original Medicare covers, including home health services under the same rules described above.

However, many Medicare Advantage plans offer supplemental benefits that go beyond what Original Medicare provides. Some of these supplemental benefits include limited personal care or in-home support services. These may include a set number of hours per week of home aide services, help with bathing and dressing, meal preparation, or light housekeeping.

These supplemental benefits vary widely between plans and between regions. Some plans offer 20 hours per month of in-home personal care. Others offer none. The benefits may also come with restrictions, such as requiring prior authorization or limiting which agencies you can use.

If you are enrolled in a Medicare Advantage plan, call the plan directly and ask specifically about in-home personal care or custodial care benefits. Ask how many hours are covered, whether you need prior authorization, and which agencies are in network. Do not assume your plan covers personal care just because it is a Medicare Advantage plan.

### Special Supplemental Benefits for the Chronically Ill (SSBCI)

Since 2020, Medicare Advantage plans have been allowed to offer Special Supplemental Benefits for the Chronically Ill. These benefits are targeted at enrollees with specific chronic conditions and can include non-medical home care services, home modifications, transportation, and other support that Original Medicare does not cover.

Not all plans offer SSBCI benefits, and eligibility depends on having qualifying chronic conditions. If you or your family member has multiple chronic conditions, ask whether the plan offers SSBCI and what the qualification process involves.

## Medigap and Supplemental Insurance Policies

Medigap policies (Medicare Supplement Insurance) are designed to help pay for costs that Original Medicare does not fully cover, such as copays, coinsurance, and deductibles. Since Original Medicare home health already has no copays or deductible, Medigap does not add meaningful home health coverage.

Medigap policies do not cover personal care or custodial care at home. They are not a solution for filling the non-medical home care gap.

Some people confuse Medigap with long-term care insurance. They are entirely different products. If someone tells you that their supplemental policy covers home care, they most likely have a long-term care insurance policy, not a Medigap plan.

## How to Fill the Gap: Paying for Home Care When Medicare Does Not

When Medicare does not cover the home care your family needs, there are several alternatives to explore. Most families use a combination of these options.

### Medicaid Home and Community-Based Services

Medicaid is the single largest payer for long-term personal care services in the United States. Unlike Medicare, Medicaid does cover non-medical home care, including help with bathing, dressing, meals, and housekeeping.

The catch is that Medicaid is a means-tested program. You must have limited income and assets to qualify. Eligibility rules vary significantly by state. Some states have expanded Medicaid home care programs with relatively generous income limits, while others have strict limits and long waiting lists.

Many states offer Medicaid home and community-based services (HCBS) waivers that allow people who would otherwise need nursing home care to receive services at home instead. These waiver programs often have waiting lists that can stretch months or even years.

To learn about Medicaid home care options in your state, contact your state Medicaid office or your local Area Agency on Aging.

### Veterans Benefits

Veterans and their surviving spouses may qualify for home care benefits through the Department of Veterans Affairs. The VA offers several programs:

- **Aid and Attendance** -- A pension benefit that provides monthly payments to veterans or surviving spouses who need help with daily activities. The funds can be used to pay for home care.
- **Homemaker and Home Health Aide Program** -- Provides trained home care aides through the VA for eligible veterans.
- **Veteran-Directed Care** -- Gives veterans a budget to hire their own caregivers, including family members in some cases.

Eligibility depends on the veteran's service history, disability status, and income. Contact your local VA office or a veterans service organization for help determining eligibility.

### Long-Term Care Insurance

If you purchased a long-term care insurance policy before needing care, it may cover home care services. Most long-term care policies cover both skilled and non-medical personal care at home, subject to a waiting period (called an elimination period) and a daily or monthly benefit maximum.

Long-term care insurance is not something you can buy after you need care. Insurers require medical underwriting, and premiums increase dramatically with age. If you are reading this article because you currently need home care, long-term care insurance is only relevant if you already have a policy in place.

Review your policy carefully or call your insurance company to understand your daily benefit amount, elimination period, benefit period, and what types of care providers are covered.

### Private Pay

Many families pay for home care out of pocket. National averages for non-medical home care range from $27 to $35 per hour, though costs vary significantly by region. A full-time home care aide (40 hours per week) can cost $4,500 to $6,000 or more per month.

While this is a significant expense, it is often less than assisted living or nursing home care. Some families reduce costs by hiring help only for the hours when care is most needed, sharing care responsibilities among family members, or using a combination of paid care and family caregiving.

### Other Resources

- **Area Agencies on Aging** -- Local organizations that connect seniors with services including subsidized home care, meal delivery, and transportation. Find yours at eldercare.acl.gov or by calling 1-800-677-1116.
- **State and local programs** -- Many states and municipalities fund home care programs for low-income seniors who do not qualify for Medicaid.
- **Nonprofit and faith-based organizations** -- Some organizations offer volunteer companion services, respite care, or subsidized home care.

## Steps to Take Right Now

If you are trying to figure out how to pay for home care, here is a practical path forward:

1. **Determine whether you qualify for Medicare home health.** Talk to your doctor about whether you meet the homebound and skilled care requirements. If you do, get a referral to a Medicare-certified home health agency.
2. **Check your Medicare Advantage plan.** If you are enrolled in a Medicare Advantage plan, call the number on your insurance card and ask about supplemental home care benefits and SSBCI.
3. **Explore Medicaid eligibility.** Contact your state Medicaid office or Area Agency on Aging to learn about home care programs and income limits in your state.
4. **Check VA benefits.** If the person needing care is a veteran or the surviving spouse of a veteran, contact the VA about Aid and Attendance and home care programs.
5. **Review any long-term care insurance policies.** If a policy is in place, contact the insurer to understand benefits and start the claims process.
6. **Research home care agencies in your area.** Compare rates, services, and reviews to find an agency that fits your needs and budget.

## Finding the Right Home Care Agency

Whether Medicare, Medicaid, or your own budget is covering the cost, choosing the right agency matters. Look for agencies with strong reviews, transparent pricing, well-trained caregivers, and experience with your specific care needs.

You can browse home care agencies by city and state on Senior Home Care Finder to compare options in your area, read about the services they offer, and find contact information to get started.",The most common question families ask about home care is whether Medicare will pay for it. The answer is complicated. Here is a clear breakdown of what Medicare covers and what it does not.,Senior Home Care Finder Staff,3/16/2026,https://res.cloudinary.com/dnmrgvjdm/image/upload/v1773972413/Medicare_vc6mlw.png,"Medicare covers some home health services but not long-term personal care. Learn exactly what Medicare pays for, what it does not, and how to fill the gaps.",Published,,Financial Planning
When Is Live-In Care the Right Choice for Your Loved One?,when-is-live-in-care-right-choice,"There comes a point in many caregiving journeys when a few hours of help each day is no longer enough. Maybe your mother is getting up at night and no one is there to steady her. Maybe your father has started leaving the stove on or wandering out the front door after dark. The needs have grown beyond what daytime visits can cover, but your loved one is clear about one thing: they want to stay home.

Live-in care exists for exactly this moment. It places a professional caregiver in your loved one's home around the clock, providing constant support without uprooting them from the place they feel most comfortable. For many families, it strikes the right balance between independence and protection. But it is not the right answer for everyone, and understanding how it works, what it costs, and how it compares to other options will help you make a confident decision.

## What Live-In Care Actually Means

Live-in care is an arrangement where a caregiver stays in your loved one's home for an extended shift, typically 24 hours, and sleeps there overnight. The caregiver is available throughout the day and night but is generally given a sleeping period of six to eight hours and reasonable breaks for meals. During those rest hours, the caregiver can respond if your loved one needs help, but they are not expected to be continuously active.

Most live-in care arrangements operate on a rotation. One caregiver may stay for three or four consecutive days, then switch out with a second caregiver for the next stretch. This rotation prevents burnout and ensures your loved one always has someone who is rested and attentive.

The caregiver handles a wide range of daily tasks: helping with bathing and dressing, preparing meals, managing medications, assisting with mobility, providing companionship, and keeping the home tidy. They also serve as a critical safety presence during the hours when most falls and emergencies happen, overnight and in the early morning.

### How Live-In Care Differs from 24-Hour Care

The terms are often used interchangeably, but there is an important distinction. Live-in care typically involves one caregiver per shift who sleeps in the home and is available if needed overnight. Twenty-four-hour care involves two or more caregivers working in shifts, usually eight or twelve hours each, so that someone is fully awake and actively monitoring your loved one at all times.

The difference matters most for people who need frequent overnight assistance. If your loved one gets up multiple times during the night, needs regular repositioning to prevent bedsores, or has a condition like moderate-to-advanced dementia that causes nighttime agitation or wandering, 24-hour care with awake overnight staff is usually the safer choice. Live-in care works best when your loved one sleeps through most of the night but still needs someone nearby in case of an emergency.

The cost difference is significant. Twenty-four-hour care can run roughly 50 to 100 percent more than live-in care because you are paying for two or three separate caregivers instead of one at a time.

## Signs It May Be Time for Live-In Care

Families rarely arrive at this decision in a single moment. More often, it is a gradual accumulation of close calls and growing worry. Here are some of the most common indicators that live-in care should be on the table.

### Safety Concerns at Night

If your loved one is getting up to use the bathroom in the dark, fumbling with medications at 2 a.m., or has fallen during the night when no one was there, overnight gaps in care are the most immediate risk. A live-in caregiver eliminates that gap.

### Frequent Falls or Near-Falls

One fall can be an accident. A pattern of falls, especially if they are happening during routine activities like getting out of bed or walking to the kitchen, signals that your loved one needs more support than periodic check-ins can provide.

### Wandering or Confusion

For seniors with Alzheimer's disease or other forms of dementia, wandering is one of the most dangerous behaviors. If your loved one has been found outside the home disoriented or has left the house without knowing where they were going, continuous supervision is essential. Live-in care provides that presence without the institutional feel of a memory care facility.

### Medication Mismanagement

Missing doses, doubling up on pills, or confusing medications can have serious health consequences. If your loved one can no longer reliably manage their medication schedule even with pill organizers and reminders, a caregiver who is present throughout the day can ensure medications are taken correctly and on time.

### Declining Ability to Handle Daily Tasks

When cooking, cleaning, bathing, or dressing becomes difficult or unsafe without help, a few hours of assistance each day may not be enough to cover all the gaps. Live-in care wraps around your loved one's entire daily routine rather than just a slice of it.

### Caregiver Burnout in the Family

Sometimes the clearest sign is not about your loved one at all. If you or another family member have been providing most of the care and are reaching a breaking point, physically, emotionally, or financially, live-in care can relieve that pressure while keeping your loved one at home.

## Live-In Care vs. Assisted Living

This is the comparison most families wrestle with, and there is no universally correct answer. Both options provide safety and support. The right choice depends on your loved one's needs, preferences, finances, and family situation.

### Cost Comparison

Live-in care typically costs between $15,000 and $25,000 per month depending on your location, the agency, and the level of care required. Some agencies charge a daily rate ranging from $250 to $450 per day. In high-cost-of-living areas, those numbers can climb higher.

Assisted living facilities average roughly $4,500 to $6,000 per month nationally, but that base rate often does not include memory care (which can add $2,000 to $4,000 per month), medication management, or higher tiers of personal care. When you add those extras, the gap between assisted living and live-in care narrows, though live-in care usually remains more expensive.

However, cost is not the only financial consideration. If your loved one owns their home, moving to assisted living may mean selling the house or leaving it vacant. Live-in care lets the home continue to be used and maintained.

### Advantages of Live-In Care

- **Familiar environment.** Your loved one stays in the home they know, surrounded by their belongings, their neighborhood, and their routines. For people with dementia, this familiarity can reduce confusion and agitation.
- **One-on-one attention.** A live-in caregiver focuses entirely on your loved one rather than splitting attention among multiple residents.
- **Flexibility.** Care can be tailored precisely to your loved one's preferences, schedule, and needs. Meals, bedtimes, and activities all happen on their terms.
- **Pet-friendly.** Assisted living facilities often restrict or prohibit pets. At home, your loved one's cat or dog stays right where it is.
- **Family access.** Visitors can come and go freely without facility visiting hours or restrictions.

### Advantages of Assisted Living

- **Built-in social opportunities.** Group activities, communal dining, and proximity to peers can reduce the isolation that some seniors feel at home.
- **On-site medical support.** Many facilities have nurses on staff or on call, and some are equipped to handle medical emergencies more quickly than a home setting.
- **Maintenance-free living.** No worrying about home repairs, yard work, or household management.
- **Lower cost in many cases.** For seniors who need a moderate level of support, assisted living is often significantly less expensive than live-in care.
- **Structure.** Some seniors thrive with the predictable daily schedule that a facility provides.

### When Live-In Care Tends to Be the Better Fit

Live-in care often works best for seniors who are strongly attached to their home, who have mild-to-moderate care needs, who do well with one-on-one interaction, or who have a condition like dementia where environmental changes can cause distress. It is also a strong choice when a senior's spouse still lives in the home and both partners benefit from the caregiver's presence.

## What Live-In Caregivers Do and Do Not Do

Understanding the scope of a live-in caregiver's responsibilities helps set realistic expectations from the start.

### What They Typically Do

- Assist with bathing, grooming, dressing, and toileting
- Prepare meals and assist with eating if needed
- Remind or assist with medications (administering medications may require a licensed professional depending on your state)
- Light housekeeping: laundry, dishes, tidying common areas, making beds
- Provide companionship: conversation, games, reading, walks
- Accompany your loved one to medical appointments and errands
- Monitor for changes in health or behavior and communicate with the family
- Help with mobility, transfers, and fall prevention

### What They Typically Do Not Do

- Provide skilled nursing care such as wound care, injections, catheter management, or IV administration (these require a licensed nurse)
- Heavy housework such as deep cleaning, moving furniture, or major yard work
- Provide care for other household members unless specifically arranged
- Work without adequate sleep breaks; labor laws in most states require rest periods for live-in caregivers

It is important to have a clear written agreement that outlines what is and is not included. Misunderstandings about scope are one of the most common sources of friction in live-in care arrangements.

## Setting Up Your Home for a Live-In Caregiver

Inviting someone to live in your loved one's home is a significant adjustment for everyone involved. A little preparation goes a long way toward making the arrangement work.

### Provide a Private Space

Your caregiver needs a private room with a bed, a door that closes, adequate lighting, and access to a bathroom. This is their personal space where they can rest, recharge, and have some separation from their work. Without it, burnout happens quickly, and turnover becomes a problem.

A spare bedroom is ideal. If the home does not have one, consider whether a den or finished basement room can be converted. It does not need to be large, but it does need to feel like a real living space rather than an afterthought.

### Set Clear Expectations Early

Before the caregiver's first day, have a conversation, ideally documented in writing, that covers daily routines, dietary preferences, house rules, visitors, how emergencies should be handled, and how communication with the family will work. The more specific you are upfront, the smoother the transition will be.

### Stock the Kitchen and Address Logistics

Your caregiver will be preparing meals and eating in the home. Make sure the kitchen is well-stocked and discuss dietary preferences. Ensure the caregiver has access to Wi-Fi, knows how to operate household systems, and has a way to contact the family and emergency services. If your loved one uses a medical alert system, walk the caregiver through how it works.

### Prepare Your Loved One

Change can be difficult, especially for seniors with cognitive decline. Introduce the caregiver gradually if possible, starting with shorter visits before transitioning to overnight stays. Reassure your loved one that this person is there to help, not to take over their home.

## What Live-In Care Costs

Cost varies widely by geography, agency, and level of care, but here are general ranges to help you plan.

- **Through an agency:** $250 to $450 per day, or roughly $7,500 to $13,500 per month for a single caregiver rotation. Agencies handle background checks, training, payroll taxes, insurance, and backup coverage if a caregiver is sick.
- **Private hire:** $200 to $350 per day. Lower upfront cost, but you become the employer. That means you are responsible for payroll taxes, workers' compensation insurance, backup coverage, and vetting candidates yourself.

Do not overlook increased grocery and utility bills, the caregiver's room and board, and potential home modifications. Factor these into your budget.

### Paying for Live-In Care

- **Long-term care insurance** often covers live-in care, but policies vary. Check yours carefully for daily or monthly benefit limits, elimination periods, and whether the policy requires the caregiver to come from a licensed agency.
- **Veterans benefits.** The VA's Aid and Attendance pension can help cover in-home care costs for eligible veterans and surviving spouses.
- **Medicaid.** Some state Medicaid waiver programs cover in-home care, including live-in arrangements. Eligibility and coverage differ by state.
- **Medicare** does not cover live-in care. It covers only short-term skilled nursing or therapy after a qualifying hospital stay.
- **Private pay** is how most families fund live-in care. Some families share the cost among siblings or use a combination of savings, retirement income, and insurance.

## How to Find a Live-In Care Agency

A good agency provides vetted, trained caregivers, handles employment logistics, and offers backup coverage when a caregiver is unavailable. Here is how to approach the search.

### Ask the Right Questions

When you contact agencies, ask about their caregiver screening process, including background checks, reference verification, and training requirements. Ask whether caregivers are employees of the agency or independent contractors, as this affects insurance coverage and liability. Find out what happens if a caregiver calls in sick or does not work out, and how quickly a replacement can be provided.

### Verify Licensing and Insurance

In most states, home care agencies must be licensed. Ask for proof of licensure and verify it with your state's health department. Confirm that the agency carries liability insurance and workers' compensation coverage.

### Request a Home Assessment

Reputable agencies will send a care coordinator to your loved one's home before care begins. This assessment evaluates your loved one's needs, reviews the home environment, and helps match the right caregiver to the situation. Be wary of any agency that skips this step.

### Check Reviews and Trust Your Instincts

Online reviews are a starting point, but also ask the agency for references from current or recent clients. The relationship between your loved one and their caregiver is deeply personal. If something does not feel right during the initial interactions, say so. A good agency will work with you to find a better match rather than pressuring you to accept the first caregiver assigned.

## Making the Decision

Choosing live-in care is not a decision you need to make alone or all at once. Talk with your loved one, involve their physician, and consult with agencies to understand what is available in your area. Many families start with a trial period to see how the arrangement works before committing long-term.

The goal is not perfection. It is finding a level of support that keeps your loved one safe, preserves their dignity and independence as much as possible, and gives your family peace of mind. For many families, live-in care accomplishes all three.

If you are exploring live-in care options, [browse home care agencies in your area on Senior Home Care Finder](https://seniorhomecarefinder.com) to compare services, read reviews, and connect with providers who offer live-in and around-the-clock care.","When hourly care is no longer enough but your loved one wants to stay home, live-in care may be the answer. Here is how to decide if it is the right fit for your family.",Senior Home Care Finder Staff,4/14/2026,https://res.cloudinary.com/dnmrgvjdm/image/upload/v1773972600/WarmCompanionship_xcwgnr.png,"Live-in care provides around-the-clock support while letting seniors stay home. Learn when live-in care makes sense, how it works, what it costs, and how it compares to assisted living.",Published,,Care Types
25 Questions to Ask a Home Care Agency Before You Hire,questions-to-ask-home-care-agency,"You have narrowed your search to a few home care agencies. The websites look professional, the reviews seem positive, and the initial phone calls went well. But before you sign any agreement, you need to dig deeper. The difference between a good agency and the wrong agency often comes down to details that only surface when you ask the right questions.

This checklist gives you 25 essential questions organized by category. Bring them to your consultations, take notes on the answers, and compare agencies side by side. A reputable agency will welcome these questions. If one seems annoyed or evasive, consider that a red flag in itself.

## Caregiver Quality and Screening

The person who walks through your loved one's door every day matters more than anything else. These questions help you understand who the agency hires and how they ensure quality.

### 1. What is your screening and hiring process for caregivers?

**Why it matters:** Your loved one will be alone with this person, often in a vulnerable state. You need to know the agency takes hiring seriously.

**What a good answer looks like:** The agency should describe a multi-step process that includes a criminal background check (ideally at both state and federal levels), reference verification from prior employers, credential validation, and an in-person interview. Some agencies also conduct drug screening and driving record checks. Be cautious of any agency that cannot clearly describe its screening process.

### 2. What training and certifications do your caregivers hold?

**Why it matters:** Home care tasks range from simple companionship to complex personal care. Training determines whether a caregiver can handle the specific challenges your loved one presents.

**What a good answer looks like:** At minimum, caregivers should hold any certifications required by your state, such as a Certified Nursing Assistant (CNA) or Home Health Aide (HHA) credential. Strong agencies provide additional training in areas like dementia care, fall prevention, infection control, and first aid. Ask whether training is ongoing or a one-time event. The best agencies require annual continuing education.

### 3. How do you match caregivers with clients?

**Why it matters:** A skilled caregiver who clashes with your parent's personality will not provide good care. Compatibility drives consistency, and consistency drives outcomes.

**What a good answer looks like:** The agency should describe a deliberate matching process that considers personality, interests, language, cultural background, and the specific care needs involved. Ask whether your family has input in the selection and whether you can request a different caregiver if the match is not working.

### 4. Do you conduct ongoing supervision and performance evaluations of caregivers?

**Why it matters:** A caregiver who performed well in the interview may become complacent, or may struggle with a particular client's evolving needs. Ongoing oversight catches problems before they escalate.

**What a good answer looks like:** Look for agencies that send a supervisor to the home for periodic check-ins, conduct caregiver performance reviews at least annually, and have a system for incorporating client feedback. Some agencies use telephony or GPS-based systems to verify that caregivers arrive on time and stay for the full shift.

### 5. What is your caregiver retention rate?

**Why it matters:** High turnover means your loved one will constantly face new strangers. Stability in caregiving relationships leads to better care and less anxiety for the client.

**What a good answer looks like:** The home care industry has notoriously high turnover, often exceeding 60 percent annually. An agency with a turnover rate below 40 percent is doing something right. Ask what the agency does to retain caregivers, whether it is competitive pay, benefits, recognition programs, or advancement opportunities. Agencies that invest in their workforce tend to deliver better care.

## Agency Operations and Credentials

These questions help you verify that the agency is legitimate, properly insured, and built to last.

### 6. Are you licensed by the state, and can I see your license?

**Why it matters:** Licensing requirements vary by state, but in states that require licensure, operating without one is illegal and leaves you with no regulatory recourse if something goes wrong.

**What a good answer looks like:** The agency should readily provide its license number and invite you to verify it with your state's health department or licensing board. If your state does not require home care licensing, ask what voluntary accreditations or registrations the agency holds.

### 7. What types of insurance do you carry?

**Why it matters:** If a caregiver is injured in your loved one's home, or if a caregiver's actions cause harm, you need to know that insurance will cover it rather than leaving your family exposed.

**What a good answer looks like:** The agency should carry general liability insurance, professional liability (errors and omissions) insurance, and workers' compensation coverage. Ask for proof of current coverage, and confirm that the policy limits are adequate. Workers' compensation is particularly important because it protects you from being held liable if a caregiver is injured on the job.

### 8. How long have you been in business, and do you have references I can contact?

**Why it matters:** Longevity is not a guarantee of quality, but agencies that have survived for several years have typically worked through operational challenges and built systems that work.

**What a good answer looks like:** An agency with at least three to five years in business has a meaningful track record. Ask for references from families whose situations are similar to yours, particularly in terms of care needs and duration of service. Follow up with those references and ask specific questions about reliability, communication, and how the agency handled problems.

### 9. Are you accredited by any national organizations?

**Why it matters:** Accreditation from bodies like the Joint Commission, CHAP (Community Health Accreditation Partner), or the National Association for Home Care and Hospice signals that the agency has voluntarily submitted to rigorous quality standards beyond basic state requirements.

**What a good answer looks like:** While accreditation is not mandatory, agencies that pursue it demonstrate a commitment to accountability. Ask which organization granted the accreditation and what the process involved.

## Care Planning and Assessment

A good agency does not send a caregiver to your home and hope for the best. These questions reveal how thoughtfully the agency approaches your loved one's individual needs.

### 10. Do you conduct an in-home assessment before care begins?

**Why it matters:** Your loved one's home environment, daily routines, and specific challenges cannot be fully understood over the phone. An in-home assessment is the foundation of a safe, effective care plan.

**What a good answer looks like:** The agency should send a registered nurse or experienced care manager to the home before the first caregiver visit. This assessment should cover the client's physical and cognitive abilities, the home environment (including safety hazards), daily routines, dietary needs, medication management, and social preferences. Be wary of any agency willing to start care without seeing the home first.

### 11. Will there be a written care plan, and can our family review it?

**Why it matters:** A written care plan ensures that every caregiver who enters the home knows exactly what is expected. Without one, care becomes inconsistent and important tasks get missed.

**What a good answer looks like:** The agency should create a detailed, written care plan that specifies tasks, schedules, dietary requirements, medication reminders, mobility assistance needs, and any client preferences. Your family should be able to review this document, suggest changes, and receive an updated copy whenever the plan is modified.

### 12. How often is the care plan reassessed and updated?

**Why it matters:** Your loved one's needs will change over time, sometimes gradually and sometimes suddenly after a health event. A care plan that is never updated becomes obsolete.

**What a good answer looks like:** The care plan should be formally reviewed at least every 90 days, with additional reviews triggered by hospitalizations, falls, changes in diagnosis, or family concerns. The agency should proactively communicate when they observe changes in the client's condition and recommend adjustments.

### 13. Can you accommodate increasing levels of care as needs change?

**Why it matters:** If your parent's condition progresses from needing a few hours of companionship to requiring full-time personal care, you do not want to start the agency search all over again.

**What a good answer looks like:** The agency should be able to scale from a few hours per week up to 24/7 care, or should be transparent about the limits of their service. Ask specifically about their experience with progressive conditions like Alzheimer's disease, Parkinson's disease, or recovery from stroke.

## Scheduling and Reliability

Reliability is where good intentions meet daily reality. These questions expose whether the agency can deliver consistent, dependable care.

### 14. What happens if my regular caregiver calls in sick or cannot make a shift?

**Why it matters:** Your loved one depends on care arriving when expected. A missed visit can mean missed medications, missed meals, or a dangerous situation for someone who cannot be left alone.

**What a good answer looks like:** The agency should have a defined backup plan. Strong agencies maintain a pool of substitute caregivers who are familiar with the client's care plan and can step in on short notice. Ask how much notice the family receives if a substitute is needed, and whether the agency guarantees that a replacement will always be provided.

### 15. Is there a minimum number of hours per visit or per week?

**Why it matters:** Some families need only a few hours of help per week, while agencies often set minimums for operational reasons. A mismatch here can mean paying for more care than you need.

**What a good answer looks like:** Most agencies require a minimum of two to four hours per visit. Some also set weekly minimums. Ask whether these minimums are flexible and what the options are if you need less coverage. If your needs are modest, a shorter-minimum agency may be a better fit.

### 16. What is your cancellation and rescheduling policy?

**Why it matters:** Medical appointments, family visits, and changing circumstances mean that schedules will need to flex. You need to know the financial implications of changes.

**What a good answer looks like:** A reasonable agency provides a 24 to 48 hour cancellation window without penalty. Ask specifically about holiday policies, whether rates increase on weekends or holidays, and what happens if a hospitalization makes care temporarily unnecessary. Get this policy in writing.

### 17. Can you provide care on weekends, holidays, and overnight?

**Why it matters:** Care needs do not follow a business-hours schedule. If your loved one needs evening, overnight, or weekend care, you need an agency equipped to deliver it.

**What a good answer looks like:** The agency should clearly state which schedules it supports and what the rate differences are for non-standard hours. If overnight care is needed, ask whether it is a sleep shift (caregiver sleeps unless needed) or a wake shift (caregiver remains awake all night), as rates and expectations differ significantly.

## Communication and Family Involvement

You are entrusting your parent's well-being to someone else, but you should never feel out of the loop. These questions establish how the agency keeps families informed and involved.

### 18. How will you keep our family updated on our loved one's care and condition?

**Why it matters:** Families who are informed can make better decisions, catch problems early, and maintain their relationship with their loved one even when they cannot be physically present.

**What a good answer looks like:** Strong agencies provide regular written or digital updates after each visit, noting tasks completed, the client's mood and condition, any concerns, and food and fluid intake. Ask how frequently you will hear from the agency and through what channels: phone calls, email summaries, a caregiver app, or a family portal.

### 19. Do you offer a family portal or app for real-time updates?

**Why it matters:** Technology has transformed how families stay connected to their loved one's care. Real-time visibility reduces anxiety and helps you coordinate with the care team.

**What a good answer looks like:** Many agencies now offer online portals or mobile apps where families can view visit notes, caregiver schedules, care plan details, and billing information. This is not a requirement for a good agency, but it is increasingly common and very convenient, especially for families managing care from a distance.

### 20. What is your process for handling complaints or concerns?

**Why it matters:** No care arrangement is perfect, and problems will arise. What matters is how quickly and seriously the agency responds when they do.

**What a good answer looks like:** The agency should have a formal complaint process with a specific person or department you can contact. Ask about expected response times. A good agency acknowledges complaints within 24 hours and provides a resolution or action plan within a few days. Ask whether they have ever had a complaint filed with the state and how it was resolved.

### 21. Who is our main point of contact at the agency?

**Why it matters:** When you have a question or concern, you need to know exactly who to call rather than navigating a phone tree or explaining your situation to a different person each time.

**What a good answer looks like:** The agency should assign a dedicated care coordinator or client manager to your account. This person should know your loved one's care plan, your family's preferences, and the history of the care relationship. Ask whether this person is available by direct phone line or email.

## Cost and Billing

Home care is a significant financial commitment. These questions help you understand exactly what you will pay and avoid surprises on the invoice.

### 22. What are your hourly rates, and are there additional fees I should know about?

**Why it matters:** The advertised hourly rate is not always the full cost. Some agencies charge separately for administrative fees, assessment fees, holiday surcharges, mileage, or specialized care tasks.

**What a good answer looks like:** The agency should provide a clear, written rate sheet that covers standard hourly rates, any rate differences for evenings, weekends, holidays, or specialized care, and a list of any additional fees. Ask whether the rate you are quoted includes everything or whether there are add-ons. Request an estimate of your total monthly cost based on your expected schedule.

### 23. Is there a minimum contract period, and what are the terms for ending service?

**Why it matters:** You need the flexibility to change agencies if the care is not meeting your expectations, without being locked into a lengthy commitment or penalized for leaving.

**What a good answer looks like:** Most reputable agencies do not require long-term contracts. Look for agreements that can be terminated with 30 days or less notice and no early termination fees. Read the service agreement carefully before signing, and ask the agency to explain any clauses you do not understand.

### 24. Do you bill insurance, Medicaid, or long-term care insurance directly?

**Why it matters:** Navigating insurance billing while managing a loved one's care is exhausting. An agency that handles billing directly saves you time and reduces the risk of claim denials due to paperwork errors.

**What a good answer looks like:** Ask whether the agency accepts your specific insurance plan, Medicaid, Medicare (for qualifying home health services), or long-term care insurance. If they bill directly, ask about any out-of-pocket costs you should expect. If they do not accept your insurance, ask whether they will provide the documentation you need to file claims yourself. Some agencies also assist families in applying for Veterans benefits or Medicaid waiver programs.

## Emergency Procedures

When something goes wrong at two in the morning, the agency's emergency protocols matter more than anything on its website.

### 25. What are your procedures for medical emergencies and after-hours situations?

**Why it matters:** Emergencies do not wait for business hours. You need confidence that the caregiver in your loved one's home knows exactly what to do if your parent falls, experiences chest pain, or has a sudden change in condition.

**What a good answer looks like:** The agency should have a written emergency protocol that covers when to call 911 versus when to contact the family or on-call nurse. Caregivers should be trained in basic first aid and CPR. There should be a 24/7 on-call number staffed by someone authorized to make decisions, not just an answering service that takes messages until morning. Ask the agency to walk you through a specific scenario, such as what happens if the caregiver arrives and finds your parent on the floor. The clarity and confidence of their response will tell you a great deal.

## How to Use This Checklist

Print this list or save it on your phone before your consultations. As you interview each agency, take notes on their answers and pay attention not just to what they say but to how they say it. Agencies that answer confidently, provide documentation readily, and welcome your scrutiny are the ones that have nothing to hide.

After your consultations, compare your notes side by side. No agency will be perfect on every question, but the patterns will be clear. The right agency will demonstrate strong caregiver screening, transparent pricing, proactive communication, and a genuine commitment to your loved one's well-being.

If you are still in the early stages of your search, [browse home care agencies near you on Senior Home Care Finder](https://seniorhomecarefinder.com) to compare options by location, services, and specialties. Finding the right care takes effort, but asking the right questions puts you firmly in control of the process.",Hiring a home care agency is a big decision. Use this checklist of 25 essential questions to evaluate agencies and find the right one for your family.,Senior Home Care Finder Staff,3/25/2026,https://res.cloudinary.com/dnmrgvjdm/image/upload/v1773972837/25Questions_aw6joe.png,"Interviewing home care agencies? Use this checklist of 25 essential questions covering caregiver screening, costs, care plans, communication, and emergency procedures.",Published,,Guides
Fall Prevention for Seniors: Practical Steps to Keep Your Loved One Safe,fall-prevention-for-seniors,"Falls are not a normal part of aging. That statement surprises many families, but it is the starting point for every serious conversation about fall prevention. Yes, the risk of falling increases as we age. But the idea that falls are inevitable leads people to accept a danger that is, in most cases, preventable. Understanding the risk, identifying the causes, and taking deliberate action can dramatically reduce the chance that your loved one becomes a statistic.

The numbers are sobering. According to the Centers for Disease Control and Prevention, one in four Americans aged 65 and older falls each year. That translates to roughly 36 million falls annually. Of those, about three million result in emergency department visits for injuries. Falls are the leading cause of traumatic brain injury (TBI) in older adults and the leading cause of injury-related death in people over 65. More than 95% of hip fractures are caused by falls, and a hip fracture in an older adult often triggers a cascade of decline: hospitalization, surgery, immobility, loss of independence, and sometimes death within a year.

These are not small numbers, and they are not someone else's problem. If your parent or loved one is over 65, fall prevention deserves the same attention you give to managing their blood pressure or monitoring their medications.

## Why Seniors Fall: Understanding the Risk Factors

Falls rarely have a single cause. They usually result from several risk factors converging at the wrong moment. Understanding those factors is the first step toward reducing them.

### Medications

Certain medications significantly increase fall risk. Sedatives, sleep aids, anti-anxiety drugs (benzodiazepines), antidepressants, and opioid pain medications can all cause drowsiness, dizziness, or slowed reaction times. Blood pressure medications, particularly when a new dose is started or adjusted, can cause orthostatic hypotension, a sudden drop in blood pressure when standing up that leads to lightheadedness.

Polypharmacy, the use of five or more medications simultaneously, compounds the problem. Each additional medication introduces the potential for interactions that affect balance, alertness, or blood pressure. Research published in the Journal of the American Geriatrics Society has consistently shown that the number of medications a person takes is an independent predictor of fall risk, even after accounting for the conditions those medications treat.

### Balance and Gait Changes

The systems that keep us upright, our inner ear (vestibular system), proprioception (the sense of where our body is in space), vision, and muscle strength, all decline with age. Even without a specific neurological condition, an older adult's balance reactions slow down. The steps become shorter and shuffling. The ability to recover from a stumble diminishes. Add a moment of inattention or a slightly uneven surface, and a fall becomes likely.

### Vision Problems

Vision plays a critical role in balance. Cataracts, glaucoma, macular degeneration, and even outdated prescriptions reduce the ability to see obstacles, judge distances, and perceive changes in floor level. Bifocal and progressive lenses, while helpful for reading, distort depth perception when looking at the ground and have been associated with increased fall risk in older adults, particularly on stairs.

### Chronic Conditions

Diabetes (which can cause peripheral neuropathy, reducing sensation in the feet), arthritis (which limits joint mobility and causes pain that alters gait), Parkinson's disease, stroke, and dementia all increase fall risk through different mechanisms. Heart conditions that cause irregular rhythms or sudden drops in blood pressure add further risk.

### Home Hazards

Loose rugs, cluttered walkways, poor lighting, lack of grab bars, slippery floors, cords across pathways, and pets underfoot are all common contributors to falls in the home. The CDC estimates that more than half of all falls among older adults happen at home.

## Exercise Programs That Reduce Fall Risk

If there is one intervention that stands above the rest for fall prevention, it is exercise. A Cochrane systematic review, one of the gold standards in evidence-based medicine, analyzed 108 randomized controlled trials involving more than 23,000 participants and found that exercise programs reduced the rate of falls by approximately 23%. Programs that specifically targeted balance showed even greater reductions.

### Tai Chi

Tai chi has more research behind it for fall prevention than almost any other single exercise. It combines slow, controlled movements with weight shifting, which directly trains the balance reactions that deteriorate with age. Multiple studies have shown that tai chi practiced two to three times per week for at least 12 weeks significantly reduces both the rate of falls and the fear of falling. Many community centers and senior centers offer tai chi classes specifically designed for older adults.

### Balance Training

Structured balance exercises do not have to be complicated. Standing on one foot while holding the back of a chair. Walking heel-to-toe in a straight line. Standing up from a seated position without using hands. Stepping over small obstacles. These exercises, performed consistently, retrain the neuromuscular pathways that prevent falls. Physical therapists can design individualized balance programs, and many can be done safely at home with minimal equipment.

### Strength Training

Muscle weakness, particularly in the legs and core, is a major contributor to falls. Strength training with resistance bands, light weights, or bodyweight exercises (squats to a chair, wall push-ups, calf raises) two to three times per week has been shown to improve leg strength, walking speed, and the ability to recover from a loss of balance. The key is consistency. Benefits begin within a few weeks but require ongoing effort to maintain.

### What to Look For in a Program

The most effective fall prevention exercise programs combine at least two of these elements: balance training, strength training, and flexibility work. Programs like Otago (a home-based exercise program designed by physical therapists), Stepping On, and Matter of Balance have strong research behind them. Ask your loved one's doctor or a physical therapist for a recommendation that fits their current ability level.

## Medication Review

Every older adult at risk of falling should have a thorough medication review at least annually, and more often if medications change. This is not just a matter of listing pills. A pharmacist or physician should evaluate each medication for its fall risk profile, check for interactions, and ask whether each medication is still necessary.

### High-Risk Medications

The American Geriatrics Society maintains the Beers Criteria, a list of medications that are potentially inappropriate for older adults. Many of the medications on this list increase fall risk. Key categories include:

- **Benzodiazepines** (lorazepam, diazepam, alprazolam): These are among the most strongly associated with falls. Even short-acting formulations carry significant risk.
- **Sedative-hypnotics** (zolpidem, eszopiclone): Sleep aids that impair balance and cognition, particularly during nighttime trips to the bathroom.
- **Anticholinergics** (diphenhydramine, oxybutynin): Found in many over-the-counter allergy and sleep medications. They cause drowsiness, confusion, and blurred vision.
- **Blood pressure medications**: Particularly alpha-blockers and some diuretics. The goal is adequate blood pressure control without causing drops upon standing.
- **Opioids**: Even at low doses, opioids impair reaction time and balance.

### Polypharmacy

If your loved one takes five or more medications, request a comprehensive medication review. Ask the prescribing physicians whether each medication is still needed, whether the dose is the lowest effective amount, and whether non-pharmacological alternatives exist. A clinical pharmacist is often the best resource for identifying problematic interactions.

## Vision Checks

An annual comprehensive eye exam is essential for fall prevention. This goes beyond a vision screening. The exam should check for cataracts, glaucoma, and macular degeneration, all of which develop gradually and may not be noticed until they have significantly impaired vision.

If your loved one wears bifocals or progressive lenses, discuss with the eye doctor whether single-vision distance glasses might be safer for walking, particularly on stairs and uneven ground. Some research suggests having a dedicated pair of single-vision glasses for outdoor walking and other activities that require clear distance vision and accurate depth perception.

Ensure that prescription updates are made promptly. Wearing an outdated prescription is a correctable risk factor that too many families overlook.

## Footwear

What your loved one wears on their feet matters more than most people realize. Loose slippers, stockinged feet on hard floors, worn-out shoes with smooth soles, and high heels or platform shoes all increase the likelihood of a slip or trip.

The ideal shoe for fall prevention has a firm, low heel (no more than one inch), a non-slip rubber sole with good tread, a snug fit that does not require the toes to grip, and a back that supports the heel (no backless slides or flip-flops). Velcro closures or elastic laces can make shoes easier to put on for seniors with limited dexterity. For indoor use, well-fitting shoes with non-slip soles are far safer than socks or slippers.

## Assistive Devices

Canes, walkers, and rollators can significantly reduce fall risk, but only when they are properly fitted and used correctly. An improperly sized or misused assistive device can actually increase the danger.

### Canes

A cane should be sized so that the handle is at the level of the wrist crease when the user is standing upright with arms at their sides. The elbow should bend at roughly a 15 to 20 degree angle when holding the cane. The tip should have a rubber cap in good condition. A cane is typically held in the hand opposite the weaker leg.

### Walkers and Rollators

Standard walkers provide the most stability but require the user to lift and advance the walker with each step. Rollators (walkers with wheels) allow a more natural gait but require adequate hand strength for braking. Both should be adjusted so the handles are at wrist height. A physical therapist can assess which device is appropriate and train your loved one in proper use, including how to navigate doorways, thresholds, and curbs.

### Overcoming Resistance

Many seniors resist using assistive devices because they associate them with frailty or loss of independence. Framing the device as a tool for maintaining independence, rather than a sign of decline, can help. A physical therapist's recommendation often carries more weight than a family member's suggestion.

## Home Modifications

Modifying the home environment is one of the most effective and immediate steps you can take. Many changes are inexpensive and can be completed in a weekend.

### Lighting

Poor lighting is involved in a significant percentage of home falls. Ensure that all hallways, stairways, bathrooms, and pathways between the bedroom and bathroom are well lit. Install nightlights or motion-activated lights along nighttime routes. Replace any burned-out bulbs immediately. Light switches should be accessible at the entrance to every room. Consider illuminated light switches for easy visibility in the dark.

### Grab Bars and Handrails

Install grab bars next to the toilet, inside the shower or tub, and at any location where your loved one needs to steady themselves. Use bars rated for at least 250 pounds, mounted into wall studs or with appropriate anchors. Ensure that stairways have sturdy handrails on both sides, extending the full length of the stairs. Loose or wobbly handrails should be repaired immediately.

### Removing Trip Hazards

Remove or secure all throw rugs with double-sided tape or non-slip backing. Clear clutter from walkways and stairs. Secure electrical cords along walls and out of walking paths. Repair or replace any loose or torn carpet. Address uneven thresholds between rooms. Keep frequently used items within easy reach so your loved one does not need to use step stools or reach overhead.

### Bathroom Safety

Beyond grab bars, consider a raised toilet seat (which reduces the effort needed to sit and stand), a shower chair or bench, a handheld showerhead, and non-slip mats inside the tub or shower. These modifications address the room where falls are most likely to cause serious injury due to hard, wet surfaces.

### Stairs

If possible, arrange living spaces so that daily activities do not require using stairs. If stairs are unavoidable, ensure they have non-slip treads, adequate lighting, and secure handrails on both sides. Mark the edges of steps with contrasting tape if the steps are a uniform color that makes the edges hard to see.

## The Role of Home Care in Fall Prevention

Professional home care aides play a direct and often underappreciated role in fall prevention. A trained caregiver in the home can assist with many of the risk factors discussed above in ways that family members may not be able to provide consistently.

Home care aides can help with safe transfers (getting in and out of bed, chairs, and the bathtub), supervised walking, and accompanying seniors on outings where uneven terrain or crowds increase fall risk. They can ensure that the home remains free of clutter, that lighting is adequate, and that the senior is wearing appropriate footwear. Aides trained in fall prevention can observe gait changes, increased unsteadiness, or new symptoms that might indicate a medication side effect or worsening condition, and communicate these observations to family members and healthcare providers.

For seniors who live alone, the presence of a home care aide during high-risk times of day, such as early morning (when blood pressure may be lowest and stiffness is greatest) or evening (when fatigue sets in), can be the difference between a safe day and a trip to the emergency room.

Many home care agencies also offer specialized fall prevention programs that include home safety assessments, exercise facilitation, and coordination with physical therapists and physicians.

## What to Do After a Fall

Even with the best prevention efforts, falls can still happen. Knowing how to respond matters.

### Immediate Steps

If your loved one falls and is conscious, do not rush to pull them up. Ask them to stay still for a moment and assess whether they are in pain. Check for obvious injuries: head bumps, hip or wrist pain, bleeding. If there is any possibility of a head injury, spinal injury, or hip fracture, call 911 and do not move them.

If they are not seriously injured and can move without significant pain, help them get up safely. The recommended technique is to roll onto one side, push up to a hands-and-knees position, crawl to a sturdy piece of furniture, place both hands on the furniture, and bring one foot forward to a kneeling position before standing. Practice this sequence before a fall occurs so it is familiar.

### After the Immediate Crisis

Every fall, even one that does not result in injury, should be reported to the senior's primary care physician. A fall is often an early warning sign of a new medical issue, a medication problem, or a progression of an existing condition. The doctor may want to conduct a fall risk assessment, review medications, check blood pressure for orthostatic changes, evaluate vision, or refer to a physical therapist.

Document when and where the fall happened, what the person was doing, whether they lost consciousness, and any contributing factors (wet floor, poor lighting, rushing to the bathroom). This information helps the medical team identify patterns and target interventions.

### Addressing Fear of Falling

After a fall, many seniors develop a fear of falling that leads them to restrict their activities. This fear is understandable, but the resulting inactivity actually increases fall risk by allowing muscles to weaken and balance to deteriorate further. Gentle encouragement, a supervised exercise program, and the reassurance that comes from home modifications and professional support can help break this cycle.

## Taking the Next Step

Fall prevention is not a single action. It is an ongoing process of identifying risks, making changes, and staying vigilant as your loved one's needs evolve. The strategies outlined here, from exercise and medication review to home modifications and proper footwear, are all supported by strong evidence and can be started today.

If you are concerned about a loved one's fall risk and want professional support, a home care agency can provide trained aides who specialize in keeping seniors safe at home. Use our [directory](/browse/) to find agencies in your area that offer fall prevention services, home safety assessments, and the kind of consistent, attentive care that helps older adults stay on their feet and maintain their independence.","One in four Americans over 65 falls each year, and falls are the leading cause of injury-related death in older adults. Here are practical, proven strategies to reduce the risk.",Senior Home Care Finder Staff,5/1/2026,https://res.cloudinary.com/dnmrgvjdm/image/upload/v1773973057/Falls_xyivyc.png,"Falls are the leading cause of injury for seniors. Learn evidence-based strategies for fall prevention including exercises, home modifications, medication reviews, and when to get professional help.",Published,,Tips
Senior Nutrition: A Practical Guide to Healthy Eating for Older Adults,senior-nutrition-guide,"Eating well sounds simple enough, but for millions of older adults it becomes one of the most difficult parts of daily life. Malnutrition affects an estimated 35 to 50 percent of older adults living in the community, and many cases go unrecognized for months or years. The consequences are serious: weakened immunity, slower wound healing, muscle loss, cognitive decline, and higher hospitalization risk. The good news is that most nutritional problems in seniors are preventable or reversible once you understand what is happening and why.

This guide covers the nutritional challenges that come with aging, warning signs to watch for, and practical strategies for supporting healthier eating at home.

## Why Nutrition Changes With Age

The body at 75 does not process food the same way it did at 45. Understanding the biological and practical reasons behind these changes is the first step toward addressing them.

### Slower Metabolism

As we age, our basal metabolic rate decreases. Muscle mass declines and body composition shifts, meaning the body needs fewer calories to maintain its weight. The trouble is that calorie needs drop but nutrient needs stay the same or even increase. Seniors need to get more nutritional value out of every bite, which makes food quality more important than it has ever been.

### Decreased Appetite

Many older adults simply do not feel as hungry as they used to. Hormonal changes, reduced physical activity, and slower gastric emptying all contribute to a smaller appetite. Loneliness and depression can further suppress the desire to eat.

### Changes in Taste and Smell

The senses of taste and smell begin to diminish around age 60 and can decline significantly by age 80. Food that once tasted rich and satisfying may seem bland or unappealing. This often leads seniors to either eat less or to compensate by adding excessive salt or sugar, both of which can worsen existing health conditions like hypertension or diabetes.

### Dental and Swallowing Issues

Missing teeth, ill-fitting dentures, dry mouth, and difficulty swallowing can make eating physically uncomfortable. Seniors dealing with these problems tend to avoid crunchy fruits, vegetables, and tough meats, and over time the diet narrows to softer, less nutritious options.

### Medication Side Effects

Many common prescriptions interfere with nutrition. Some drugs suppress appetite, alter taste, or reduce the body's ability to absorb certain nutrients. Diuretics can deplete potassium and magnesium. Acid reflux medications can reduce B12 and calcium absorption. If your loved one takes multiple medications, ask their doctor or pharmacist about nutritional side effects.

## Common Nutritional Deficiencies in Seniors

Even seniors who eat three meals a day can develop deficiencies if their diet lacks variety or if their bodies are not absorbing nutrients efficiently.

### Vitamin B12

B12 deficiency is remarkably common in older adults because the stomach produces less of the acid needed to extract B12 from food. Symptoms include fatigue, weakness, memory problems, and tingling in the hands and feet. Left untreated, severe deficiency can cause lasting nerve damage. Fortified cereals, eggs, dairy, and supplements are the most reliable sources for seniors.

### Vitamin D

Many older adults spend less time outdoors, and the skin becomes less efficient at synthesizing vitamin D from sunlight with age. Low vitamin D is linked to weakened bones, increased fall risk, and a compromised immune system. Fatty fish, fortified milk, and supplements are the primary sources. A doctor can check vitamin D levels with a simple blood test.

### Calcium

Calcium needs increase after age 70 to help maintain bone density and reduce fracture risk. Dairy products, fortified plant milks, canned sardines and salmon with bones, and leafy greens like kale and bok choy are good sources. Calcium works best when paired with adequate vitamin D, so the two should be addressed together.

### Fiber

Constipation is one of the most frequent digestive complaints among seniors, and insufficient fiber is often the culprit. Beyond digestive health, fiber helps regulate blood sugar, lower cholesterol, and maintain a healthy weight. Whole grains, beans, lentils, fruits, and vegetables are all excellent sources. Increasing fiber gradually and drinking plenty of water helps avoid bloating and discomfort.

### Protein

Older adults need more protein per pound of body weight than younger adults to preserve muscle mass and support immune function. Research suggests that seniors benefit from 1.0 to 1.2 grams of protein per kilogram of body weight per day, compared to the 0.8 grams recommended for younger adults. Good sources include poultry, fish, eggs, dairy, beans, and nuts.

## Recognizing the Signs of Malnutrition

Malnutrition in seniors often develops gradually, and the early signs can be mistaken for normal aging. Knowing what to look for helps families intervene before serious damage is done.

### Unintentional Weight Loss

Losing more than five percent of body weight over six to twelve months without trying is a red flag. Pay attention to clothes that fit more loosely, a belt that needs a new notch, or a face that looks thinner. Even modest weight loss in a senior can indicate that calorie and protein intake are falling short.

### Persistent Fatigue

When the body is not getting enough fuel or the right nutrients, energy levels drop. A senior who seems unusually tired, who naps more than they used to, or who has stopped engaging in activities they once enjoyed may be undernourished.

### Slow Wound Healing

Adequate protein, zinc, and vitamin C are all essential for wound repair. If small cuts, bruises, or pressure sores are taking a long time to heal, poor nutrition is a likely contributor.

### Increased Confusion or Cognitive Decline

Dehydration, B12 deficiency, and overall malnutrition can all cause or worsen confusion, poor concentration, and memory problems. These symptoms are sometimes attributed to dementia when the real cause is nutritional. Correcting the deficiency can lead to noticeable improvement.

### Frequent Illness

Seniors who seem to catch every cold, develop frequent infections, or struggle to recover from minor illnesses may not be getting the nutrients their immune systems need to function.

## What a Balanced Senior Diet Looks Like

There is no single perfect diet for older adults, but a few principles apply broadly.

### Prioritize Protein at Every Meal

Rather than loading protein into one meal, distribute it across breakfast, lunch, and dinner. A couple of eggs at breakfast, a serving of chicken or beans at lunch, and fish or yogurt at dinner helps the body use protein more efficiently for muscle maintenance. Protein-rich snacks like cheese, nuts, or hummus with vegetables fill in any gaps.

### Stay Hydrated

The sensation of thirst weakens with age, which means many seniors are chronically dehydrated without realizing it. Dehydration can cause confusion, dizziness, constipation, and urinary tract infections. Aim for six to eight cups of fluid per day, including water, herbal tea, broth, and milk. Water-rich fruits and vegetables like watermelon and cucumbers also contribute.

### Emphasize Whole Grains

Whole grains provide fiber, B vitamins, and sustained energy. Oatmeal, brown rice, whole wheat bread, and quinoa are all good choices. If chewing is difficult, softer options like oatmeal and well-cooked whole grain pasta work well.

### Fill Half the Plate With Fruits and Vegetables

Colorful produce delivers vitamins, minerals, antioxidants, and fiber. Fresh, frozen, and canned options all count. For seniors who struggle with raw vegetables, roasted, steamed, or pureed options are easier to eat and just as nutritious. Choose canned fruits packed in water or their own juice rather than heavy syrup.

### Choose Healthy Fats

Olive oil, avocados, nuts, and fatty fish like salmon provide healthy fats that support brain health and reduce inflammation. These calorie-dense foods are also helpful for seniors who need to maintain or gain weight.

## Practical Meal Planning Tips

Knowing what to eat is only half the challenge. Putting it into practice, consistently, is where most families need the most help.

### Keep It Simple

Meals do not need to be elaborate. A scrambled egg on whole grain toast with a side of fruit is a perfectly adequate breakfast. A bowl of bean soup with a slice of bread and a glass of milk covers most nutritional bases for lunch. Simplicity increases the likelihood that meals actually get made and eaten.

### Batch Cook and Freeze

Preparing larger batches of soup, stew, or casseroles and freezing individual portions ensures a nutritious meal is always available, even on days when cooking feels like too much effort. Label containers with the date and contents.

### Use the Plate Method

Divide the plate into sections: half fruits and vegetables, a quarter protein, and a quarter whole grains. This visual approach is easier to follow than counting calories or tracking macros and naturally produces balanced meals.

### Make Snacking Work

Smaller, more frequent meals and snacks can be easier to manage than three large meals, especially for seniors with reduced appetites. Keep nutritious snacks within easy reach: trail mix, cheese and crackers, yogurt, fruit, peanut butter on celery, or a small smoothie.

### Plan a Weekly Menu

Writing out a simple weekly meal plan reduces the daily burden of deciding what to eat and makes grocery shopping more efficient. Even a loose plan with five or six meals mapped out provides helpful structure.

## Overcoming Common Barriers to Good Nutrition

Several practical obstacles can stand between a senior and a healthy diet. Addressing these barriers directly is often more effective than simply telling someone to eat better.

### Cooking for One

Preparing meals for a single person can feel pointless, especially for someone who used to cook for a family. Motivation declines, and relying on toast, cereal, or frozen dinners becomes the path of least resistance. Batch cooking helps, as does inviting a friend or neighbor to share a meal once or twice a week.

### Limited Mobility

Getting to the grocery store, carrying bags, and standing at the stove can become difficult with arthritis, balance problems, or chronic pain. Grocery delivery services have made shopping from home far more accessible. Adaptive kitchen tools like jar openers, rocker knives, and lightweight cookware make meal preparation safer. A stool at the counter allows prep work to be done while seated.

### Fixed Income

Eating well on a tight budget is challenging but not impossible. Canned and frozen fruits and vegetables are often less expensive than fresh and just as nutritious. Dried beans, lentils, eggs, and canned tuna are among the most affordable protein sources. Buying store brands, shopping sales, and using a grocery list to avoid impulse purchases all help stretch a limited budget.

### Social Isolation

Eating alone day after day takes a toll on appetite and motivation. Joining a senior center for communal meals, participating in a faith community's potluck, or arranging regular meals with family or friends can restore the social dimension of eating and improve intake.

## Community Resources That Can Help

No family has to tackle senior nutrition alone. A wide range of community programs exist specifically to help older adults eat well.

### Meals on Wheels

Meals on Wheels is one of the most well-known nutrition programs for seniors in the United States. It delivers prepared meals directly to the homes of older adults who have difficulty shopping or cooking. Beyond the food itself, the daily visit from a delivery volunteer provides a regular welfare check and a moment of human connection. Programs vary by location, so contact your local Area Agency on Aging to find the Meals on Wheels program nearest to you.

### SNAP (Supplemental Nutrition Assistance Program)

Many seniors who qualify for SNAP benefits do not realize they are eligible or have never applied. SNAP provides monthly funds loaded onto an EBT card that can be used to purchase groceries at most supermarkets and farmers markets. The application process has been streamlined in many states, and local agencies often provide one-on-one help with paperwork. Even a modest monthly benefit can meaningfully improve a senior's diet.

### Senior Center Meal Programs

Most senior centers offer low-cost or free congregate meals, typically lunch, in a group setting. These meals are designed to meet nutritional guidelines for older adults and offer the added benefit of socialization. Transportation to and from the senior center is often available through local transit programs.

### Food Banks and Other Programs

Many food banks now operate programs specifically for seniors, including home delivery for those who cannot travel. The Commodity Supplemental Food Program (CSFP) provides monthly food packages to low-income seniors aged 60 and older. Contact your local Area Agency on Aging or visit Feeding America's website to find resources near you.

## How Home Care Helps With Nutrition

For seniors who need more consistent, personalized support, homemaking care services can make a meaningful difference in daily nutrition. A caregiver who comes to the home on a regular schedule can address many of the barriers discussed above.

### Grocery Shopping

A homemaking caregiver can handle grocery shopping, whether that means driving to the store with the senior or picking up items from a list. They can help select fresh, nutritious foods, compare prices, and carry bags into the house.

### Meal Preparation

Caregivers can prepare meals according to dietary needs and preferences, whether that means cooking a hot lunch each visit, prepping ingredients for the week, or making a batch of soup to be portioned and frozen. For seniors with diabetes, heart disease, or other conditions requiring dietary management, a knowledgeable caregiver helps ensure meals stay on track.

### Monitoring Nutritional Intake

A regular caregiver who sees the inside of the refrigerator, notices uneaten food, and observes how much a senior is actually eating provides invaluable oversight. They can alert family members to changes in appetite or eating habits that might otherwise go unnoticed.

### Encouragement and Companionship

Sometimes the most important thing a caregiver does is sit down and share a meal. Having someone to eat with restores the social element of dining, which can improve both appetite and mood. A caregiver who learns a senior's food preferences and prepares meals they enjoy can transform eating from a chore into something to look forward to.

### Coordination With Health Providers

Homemaking caregivers can help keep track of dietary recommendations from doctors and nutritionists, remind seniors to take supplements, and report nutritional concerns to family members or medical professionals.

## Taking the Next Step

Good nutrition is one of the most powerful tools available for maintaining health, independence, and quality of life as we age. If your loved one is struggling with meal preparation, losing weight without trying, or simply not eating the way they used to, the right support can turn things around.

Homemaking care agencies in your area can provide the kind of consistent, hands-on help that makes healthy eating realistic for seniors living at home. Browse our [directory of home care agencies](/) to find providers near you who offer grocery shopping, meal preparation, and other homemaking services tailored to your family's needs.","Malnutrition affects up to 50% of older adults, yet it is often overlooked. This guide covers the unique nutritional needs of seniors and practical strategies for healthier eating at home.",Senior Home Care Finder Staff,3/8/2026,https://res.cloudinary.com/dnmrgvjdm/image/upload/v1773973256/Nutrition_n2aklx.png,"Good nutrition is essential for healthy aging. Learn about common nutritional challenges seniors face, what a balanced senior diet looks like, and how home care can help with meal planning and preparation.",Published,,Resources
Home Care vs. Assisted Living: Which Is Right for Your Family?,home-care-vs-assisted-living,"Few decisions weigh on families more heavily than choosing how an aging parent or spouse will receive daily support. If your loved one clearly needs help, you are most likely comparing two options: hiring professional caregivers who come to the home, or moving into an assisted living community. Both paths can deliver excellent care. Neither is automatically the right answer. The best choice depends on medical needs, personal preferences, financial realities, and family circumstances that differ for every household.

This guide offers a balanced, side-by-side comparison so you can evaluate both options and make a decision your family can stand behind.

## Understanding What Each Option Provides

Before comparing costs, it helps to be precise about what these terms actually mean in practice.

### Home Care

Home care means a professional caregiver comes to your loved one's residence on a scheduled basis. Visits might range from a few hours per week to round-the-clock coverage. Services typically include help with bathing, dressing, meal preparation, medication reminders, light housekeeping, transportation, and companionship. Some agencies also provide skilled nursing for wound care or chronic disease management, though this usually falls under ""home health care"" and may be covered differently by insurance.

The defining feature is that your loved one stays in their own environment — sleeping in their own bed, eating in their own kitchen, and maintaining existing routines.

### Assisted Living

Assisted living is a residential community where your loved one moves into a private or semi-private apartment within a facility that provides meals, housekeeping, social activities, and personal care. Staff are available around the clock. Most communities offer structured programming and on-site amenities like salons, libraries, and gardens.

Assisted living is not a nursing home. It is designed for people who need daily assistance but are not so medically complex that they require 24-hour skilled nursing supervision.

## Cost Comparison

Cost is often the first question families ask, and the answer is rarely simple because the two options are priced on entirely different models.

### Home Care Costs

Home care is typically billed by the hour. According to recent national data, the median rate for a home health aide is approximately **$30 per hour**. What you actually spend depends entirely on how many hours of care you need.

- **Light support (10-15 hours per week):** Roughly $1,200 to $1,950 per month
- **Moderate support (20-30 hours per week):** Roughly $2,600 to $3,900 per month
- **Full-time daytime care (40-50 hours per week):** Roughly $5,200 to $6,500 per month
- **24-hour live-in care:** Roughly $10,000 to $15,000 or more per month

For families whose loved one needs only part-time help, home care is often significantly less expensive than assisted living. Once care needs approach full-time or round-the-clock coverage, the cost advantage can reverse quickly.

### Assisted Living Costs

Assisted living communities charge a monthly rate that bundles housing, meals, housekeeping, and a baseline level of personal care. The national median is approximately **$4,500 to $5,000 per month**, though prices vary dramatically by region. In some metro areas, rates exceed $7,000 per month. Rural communities may charge closer to $3,000.

Many communities also charge additional fees — sometimes called ""level of care"" surcharges — as a resident's needs increase. Medication management, incontinence care, and memory care often come at extra cost. Always ask for a full fee schedule before signing a contract.

### Side-by-Side Comparison

| Factor | Home Care | Assisted Living |
|---|---|---|
| **Pricing model** | Hourly (typically $27-$35/hr) | Monthly flat rate ($4,500-$5,000/mo average) |
| **Cost for light needs** | Lower (often $1,200-$2,000/mo) | Higher relative to care received |
| **Cost for extensive needs** | Can exceed $10,000/mo for 24-hr care | More predictable; surcharges may apply |
| **Housing cost** | Separate (mortgage/rent still applies) | Included in monthly rate |
| **Meals** | Caregiver can prepare; groceries separate | Included (typically 3 meals + snacks) |
| **Transportation** | May be included or extra | Usually provided for group outings |
| **Insurance coverage** | Medicare covers some skilled home health; Medicaid varies by state | Medicaid waiver programs in some states; Medicare does not cover |
| **Veterans benefits** | Aid & Attendance can apply | Aid & Attendance can apply |

## When Home Care Makes More Sense

Home care is often the stronger choice in several common scenarios.

### Mild to Moderate Care Needs

If your loved one is generally safe and capable but needs help with specific tasks — bathing, meal preparation, medication reminders, errands — part-time home care can fill those gaps without uprooting their entire life. For someone who is cognitively sharp but physically limited, a few hours of daily assistance may be all that is required.

### Strong Community and Social Ties

Older adults actively connected to their neighborhood, church, or circle of friends often resist moving, and for good reason. Research consistently shows that strong social networks are associated with better cognitive function and lower rates of depression. If your loved one has a rich social life rooted in their community, home care lets them maintain those relationships.

### Pet Owners

This is a consideration families often overlook. For many older adults, a pet is not a luxury — it is a primary source of companionship, routine, and purpose. Most assisted living communities do not allow pets, or impose significant restrictions. If your loved one's relationship with their dog or cat is central to their wellbeing, home care removes that painful trade-off entirely.

### Couples Where One Partner Is Healthy

When one spouse needs care and the other is still independent, moving into assisted living can feel disruptive and unnecessary for the healthier partner. Home care allows the couple to stay together in their home while ensuring the partner who needs support receives it. The healthy spouse often benefits too, since professional caregivers can relieve them of tasks that were becoming physically or emotionally exhausting.

### Deep Attachment to Home

For many seniors, their home holds decades of memories and a sense of identity. Aging in place with professional support can preserve continuity and control that is genuinely therapeutic, especially for people in the earlier stages of dementia, where familiar surroundings reduce confusion and agitation.

## When Assisted Living Makes More Sense

There are also situations where assisted living is clearly the better fit, and recognizing them honestly is just as important.

### Severe Social Isolation

If your loved one lives alone, rarely leaves the house, and is showing signs of depression or cognitive decline from loneliness, home care alone may not solve the problem. A caregiver visiting for a few hours provides companionship during that window, but the rest of the day remains empty. Assisted living puts people in proximity to peers, shared meals, and structured activities — for a deeply isolated person, that environment can be transformative.

### An Unsafe Home Environment

Some homes simply are not safe for aging in place, even with modifications. Steep staircases, narrow doorways that cannot accommodate a wheelchair, bathrooms that cannot be retrofitted, poor heating or cooling, or a location far from emergency services can all make home care impractical. If the cost of making the home safe and accessible approaches or exceeds the cost of assisted living, relocation may be the more responsible choice.

### Caregiver Exhaustion

If you or another family member has been providing daily care and you are physically depleted, emotionally drained, missing work, or straining your marriage, something has to change. Transitioning your loved one to assisted living is not giving up — it is recognizing that sustainable care matters more than heroic care.

### Complex or Escalating Medical Needs

When a loved one requires overnight help, has frequent falls, needs consistent monitoring for conditions like advanced diabetes or heart failure, or has dementia with wandering behavior, the level of home care required may become financially unsustainable or difficult to staff. Assisted living or memory care provides the infrastructure and staffing density to handle these needs safely.

## The Hybrid Approach

Families often frame this as an either-or decision, but it does not have to be. Many families use a combination of both models, either simultaneously or sequentially.

### Home Care as a Bridge

Some families start with home care to buy time — allowing them to research assisted living communities carefully, get on waiting lists, or simply give their loved one a chance to adjust to the idea of eventually moving. Starting with home care also provides valuable data. After a few months, you will have a much clearer picture of how much help is actually needed, which makes evaluating assisted living communities far more informed.

### Supplementing Assisted Living

Even after a loved one moves into assisted living, families sometimes hire private home care aides to provide additional one-on-one attention during the adjustment period or to supplement care that the facility's staff ratio cannot provide. This is particularly common in memory care, where residents benefit from individualized engagement.

### Graduated Transitions

Some families move through a natural progression: independent living with occasional family help, then part-time home care, then full-time home care, then assisted living or memory care. Each transition happens when the current arrangement is no longer adequate. This graduated approach avoids premature moves and lets the older adult maintain maximum independence at each stage.

## Independence, Dignity, and Social Life

Both options can support independence and dignity, or undermine them, depending on how they are implemented. Home care, at its best, empowers your loved one to maintain their routines and feel like the master of their own household. Assisted living, at its best, offers a vibrant community where residents have freedom to choose from a variety of activities while receiving discreet support. The quality of the specific provider matters far more than the category.

When evaluating either option, pay close attention to how staff interact with the people in their care. Do they speak to residents as adults? Do they ask permission before providing assistance? Do they respect preferences, even inconvenient ones? These details reveal more than any brochure.

Social connection also deserves careful thought. Loneliness is a serious health risk for older adults, associated with higher rates of heart disease, dementia, and depression. Home care provides meaningful one-on-one companionship, but it does not automatically expand your loved one's social world if their existing network has shrunk. Assisted living offers built-in social infrastructure — shared dining, activity calendars, proximity to peers — which can be revitalizing for outgoing people but overwhelming for introverts or those in cognitive decline.

## Family Dynamics

Care decisions ripple through the entire family. With home care, family members often remain actively involved — managing schedules, communicating with the agency, handling appointments, and stepping in when caregivers call out. This can feel empowering or burdensome, depending on your family's capacity.

With assisted living, much of the logistical burden shifts to the facility's staff. Family members transition from care managers to visitors, which can bring relief but also guilt. If your family is geographically scattered, assisted living may provide peace of mind that home care cannot, since trained staff are on-site around the clock and will notice if your loved one misses a meal or seems unwell.

## Financial Planning Considerations

Beyond the immediate monthly cost, think about the longer-term financial picture.

**Duration of need.** The average length of stay in assisted living is approximately two to three years. Home care needs may span a longer period if they start at a lower intensity. Model out the total cost over several years, not just the monthly number.

**Home equity.** If your loved one owns their home, that asset can potentially be used to fund either option — through a sale, a reverse mortgage, or rental income. With home care, the home remains occupied and maintained. With assisted living, selling the home frees up significant capital but is an irreversible step.

**Long-term care insurance.** If your loved one has a long-term care insurance policy, review it carefully. Some policies cover home care and assisted living equally. Others have different benefit levels or waiting periods depending on the care setting. Understanding the policy terms can significantly influence which option makes more financial sense.

**Tax deductions.** Certain home care and assisted living expenses may be deductible as medical expenses if they exceed the IRS threshold. Consult a tax professional or elder law attorney to understand what applies to your situation.

**Medicaid planning.** Medicaid coverage for long-term care varies significantly by state. Some states offer Home and Community-Based Services (HCBS) waivers that can fund substantial home care, while others have limited programs with long waiting lists. An elder law attorney can help you navigate these complexities and protect assets where legally possible.

## How to Transition Between Options

One of the most important things to understand is that your first decision does not have to be your last. Needs change, circumstances shift, and what works today may not work in two years.

### Moving from Home Care to Assisted Living

If home care is no longer sufficient, begin researching assisted living communities well before a crisis forces a rushed decision. Visit multiple communities, eat a meal there, talk to current residents, and ask about staffing ratios, turnover, care plan development, and emergency protocols. Involve your loved one in the process to whatever extent possible — autonomy in the decision makes the transition significantly easier.

### Making Any Transition Smoother

Regardless of direction, successful transitions share common elements. Give everyone time to adjust — most older adults need at least three months to settle into a new situation before they can fairly evaluate it. Maintain routines wherever possible, bring familiar objects and personal items, and keep communication open without hovering.

## Making the Decision

There is no formula that will tell you the right answer, but a few questions can guide you toward clarity. Start with your loved one's wishes — their preferences deserve significant weight. Assess safety honestly: is the current situation truly safe, or are you managing risk through hope and vigilance? Consider sustainability: can this arrangement work not just today, but a year from now if needs increase? And be honest about family capacity — how much can everyone realistically contribute in terms of time, proximity, and emotional bandwidth?

Release the idea that there is a perfect choice. There are only choices that are thoughtful, informed, and made with love. Whichever path you choose, you can adjust course as circumstances evolve.

## Finding the Right Home Care Agency

If home care feels like the right starting point, the next step is finding a reputable agency that matches your loved one's needs. The quality of the agency and its caregivers will determine whether home care delivers on its promise.

[Browse home care agencies near you](/) to compare services, read reviews, and connect with providers who serve your community. You can search by city and state to find agencies that understand the resources and regulations in your area.","Home care and assisted living both support aging adults, but they are fundamentally different. This side-by-side comparison helps you weigh the pros and cons for your family's situation.",Senior Home Care Finder Staff,4/29/2026,https://res.cloudinary.com/dnmrgvjdm/image/upload/v1773973571/HomeCareAssistedLiving_eyunoq.png,"Deciding between home care and assisted living? Compare costs, services, independence, social opportunities, and quality of life to find the best option for your loved one.",Published,,Guides
Managing Medications at Home: A Guide for Seniors and Caregivers,managing-medications-at-home,"For most older adults, a handful of pills is part of every morning and evening. The average American over 65 takes five or more prescription medications each day, a situation clinicians call polypharmacy. While each of those medications may be medically necessary, the sheer volume creates real risks. According to the Centers for Disease Control and Prevention, adverse drug events send roughly 125,000 older adults to the hospital every year, and many of those events are preventable. Whether you are a senior managing your own regimen or a family caregiver helping a loved one, understanding how to organize, track, and safely handle medications at home can prevent a trip to the emergency room and keep treatment plans on course.

## The Reality of Polypharmacy in Older Adults

Polypharmacy, generally defined as taking five or more medications simultaneously, affects nearly 40 percent of adults over age 65. That number climbs even higher for those living with multiple chronic conditions such as diabetes, heart disease, and arthritis. Each new specialist visit can add another prescription, and over-the-counter supplements often enter the mix without a physician's knowledge.

The consequences are significant. The more medications a person takes, the greater the chance of a harmful drug interaction, an incorrect dose, or a missed pill. Studies published in the Journal of the American Geriatrics Society estimate that adverse drug events account for nearly 10 percent of hospital admissions among older adults. Many of these events involve common medications like blood thinners, diabetes drugs, and opioid pain relievers.

The good news is that most medication errors at home stem from disorganization rather than negligence. With the right systems in place, seniors and caregivers can dramatically reduce the risk.

## Organizing Medications Effectively

Good medication management starts with organization. A cluttered medicine cabinet with half-empty bottles, expired prescriptions, and supplements scattered across the kitchen counter is a recipe for mistakes.

### Create a Complete Medication List

Before anything else, build a master medication list. This document should include every prescription drug, over-the-counter medication, vitamin, and supplement the person takes. For each item, record:

- The medication name (brand and generic)
- The prescribing doctor
- The dosage and strength
- The schedule (how often and what time of day)
- The reason for taking it
- Any special instructions (take with food, avoid sunlight, etc.)

Keep printed copies in the home, in a wallet or purse, and share a digital version with family caregivers. Bring this list to every doctor visit, urgent care trip, and pharmacy consultation. In an emergency, paramedics and ER staff rely on accurate medication lists to avoid dangerous treatment decisions.

### Use a Pill Organizer

A weekly pill organizer with compartments for each day and time of day (morning, noon, evening, bedtime) is one of the simplest and most effective tools available. Fill it at the beginning of each week during a calm, focused moment. Check each compartment against the master medication list to confirm accuracy.

For seniors with more complex regimens, monthly pill organizers or organizers with removable daily trays can be helpful. Some models include locking mechanisms to prevent accidental double-dosing.

### Consolidate Pharmacies

Using multiple pharmacies is one of the most common and overlooked sources of medication problems. When prescriptions are spread across two or three drugstores, no single pharmacist has the full picture. Consolidating all prescriptions at one pharmacy allows the pharmacist to run automatic interaction checks every time a new medication is filled. Many pharmacies also offer synchronization programs that align all refill dates to a single day each month, reducing the chance of running out unexpectedly.

## Understanding Drug Interactions

Drug interactions occur when one medication changes the way another works. The result can range from reducing a drug's effectiveness to creating dangerous side effects. There are three main types of interactions seniors should be aware of.

### Drug-Drug Interactions

These happen when two or more medications react with each other. For example, taking a blood thinner like warfarin alongside a common pain reliever like ibuprofen significantly increases the risk of internal bleeding. Certain cholesterol-lowering statins can interact with some antibiotics, leading to muscle damage. The risk of harmful interactions increases with each additional medication in a person's regimen.

### Drug-Food Interactions

Some foods can interfere with how the body absorbs or processes a medication. Grapefruit and grapefruit juice are well-known offenders, affecting dozens of medications including certain statins, blood pressure drugs, and anti-anxiety medications. Leafy green vegetables high in vitamin K can reduce the effectiveness of warfarin. Dairy products can interfere with the absorption of certain antibiotics.

### Drug-Supplement Interactions

Many seniors take herbal supplements or vitamins without realizing they can interact with prescription drugs. St. John's Wort, a popular supplement for mood support, can reduce the effectiveness of blood thinners, birth control pills, and some heart medications. Even common supplements like calcium, iron, and fish oil can interfere with certain prescriptions when taken at the same time.

Always inform your doctor and pharmacist about every supplement and over-the-counter product in use. Never assume that ""natural"" means safe to combine with prescription medications.

## Medication Reminders and Technology

Forgetting a dose is the most common medication error among older adults. Fortunately, a growing range of tools can help.

### Automatic Pill Dispensers

Automatic pill dispensers are locked devices that release the correct medications at pre-programmed times. When it is time for a dose, the dispenser sounds an alarm and makes the pills available. If the dose is not taken, many models will send an alert to a caregiver's phone. Some dispensers can hold a month's worth of medications across multiple daily doses.

Popular options include the Hero dispenser, the MedMinder, and the TabSafe system. Prices range from around $50 for basic models to monthly subscription services that include the device, pre-sorted medication trays, and caregiver alerts. For seniors who live alone, these devices provide an important safety net.

### Smartphone Apps

For tech-comfortable seniors and their caregivers, medication reminder apps offer a flexible solution. Apps like Medisafe, CareZone, and MyMedSchedule allow users to enter their full medication list, set reminders for each dose, log when a medication has been taken, and share records with family members or doctors. Many of these apps are free and available on both iPhone and Android devices.

Some apps also include features like drug interaction checkers, refill reminders, and the ability to store photos of each pill for easy identification.

### Smart Pill Bottles

Smart pill bottles use sensors in the cap to detect when the bottle has been opened. They can send reminders if the bottle has not been opened at the scheduled time and track adherence patterns over weeks and months. Products like AdhereTech and TimerCap are designed for people who prefer a familiar pill bottle format but need an extra layer of accountability.

### Simple Low-Tech Options

Technology is not the right fit for everyone. Simple strategies can also be effective:

- Setting a daily alarm on a phone or clock
- Pairing medications with a consistent daily habit (breakfast, brushing teeth, the evening news)
- Asking a family member or friend to make a daily check-in call
- Using a wall calendar to check off each dose as it is taken

The best system is the one that gets used consistently.

## Safe Medication Storage

How and where medications are stored matters more than many people realize. Improper storage can reduce a drug's effectiveness or even make it harmful.

Keep medications in their original labeled containers whenever possible, except when using a pill organizer for the week's doses. Store them in a cool, dry place away from direct sunlight. Despite the name, the bathroom medicine cabinet is often the worst place in the house for medication storage because heat and humidity from showers can degrade pills and capsules.

A bedroom dresser drawer, a kitchen cabinet away from the stove, or a dedicated shelf in a hall closet are all better options. Medications that require refrigeration should be stored on a shelf in the refrigerator, not in the door where temperatures fluctuate.

For households with grandchildren or frequent young visitors, use child-resistant caps and store all medications well out of reach. Opioid pain medications and other controlled substances should be stored in a locked box or cabinet.

## When to Do a Medication Review

A medication review is a structured evaluation of every drug a person takes, assessing whether each one is still necessary, whether the dosage is correct, and whether the combination is safe. Every senior should have a comprehensive medication review at least once a year, and more frequently after any of the following events:

- A hospital stay or emergency room visit
- A new diagnosis or change in health status
- A fall or unexplained change in balance or alertness
- The addition of a new prescription from any doctor
- Persistent side effects such as dizziness, confusion, nausea, or fatigue

### Who Can Conduct a Review

Your primary care physician is an obvious starting point, but pharmacists are an underutilized resource. Many pharmacies offer medication therapy management (MTM) services, often covered by Medicare Part D, where a pharmacist sits down with the patient and reviews every medication in detail. Geriatricians, doctors who specialize in the care of older adults, are also well-equipped to evaluate complex medication regimens and identify drugs that may no longer be appropriate.

Do not hesitate to ask whether any medication can be reduced in dose, switched to a safer alternative, or discontinued entirely. Deprescribing, the intentional process of stopping or reducing medications that are no longer needed, is a growing area of focus in geriatric medicine and can meaningfully improve quality of life.

## The Role of Home Care in Medication Management

For seniors who receive in-home care services, caregivers can play an important role in medication safety. However, it is important to understand the legal and practical distinctions between medication reminders and medication administration.

### Medication Reminders

Non-medical home care aides, sometimes called companions or personal care assistants, can legally remind a client that it is time to take their medication. They can hand the client a pre-filled pill organizer, read the label aloud, open a bottle cap, and confirm that the medication was taken. These services fall under the category of reminders and cueing, and they do not require a medical license.

### Medication Administration

Actually selecting medications from bottles, measuring liquid doses, crushing pills, giving injections, or making decisions about whether a medication should be taken based on symptoms are considered medication administration. In most states, these tasks can only be performed by a licensed nurse (RN or LPN) or a certified medication aide under specific regulations. Home health agencies that provide skilled nursing can offer this level of support, often covered by Medicare for qualifying conditions.

Understanding this distinction is important when choosing a home care provider. If your loved one needs only reminders and organization support, a non-medical home care agency can help at a lower cost. If they need hands-on medication administration, you will want to work with a licensed home health agency.

## Recognizing Signs of Medication Problems

Medication problems do not always announce themselves with dramatic symptoms. Caregivers and family members should watch for subtle changes that could indicate an adverse reaction, an incorrect dose, or a harmful interaction:

- Unusual drowsiness or difficulty staying awake during the day
- New or worsening confusion, memory problems, or disorientation
- Dizziness, unsteadiness, or unexplained falls
- Changes in appetite, nausea, or stomach pain
- Skin rashes or itching that appeared after starting a new medication
- Mood changes, including new anxiety, depression, or agitation
- Changes in urination patterns or bowel habits
- Swelling in the legs, ankles, or feet

If you notice any of these signs, do not stop or adjust medications on your own. Contact the prescribing physician or pharmacist right away. Keep notes on when symptoms started and whether they correlate with any recent medication changes.

## Disposing of Expired and Unused Medications Safely

Expired medications can lose their potency and, in rare cases, become chemically unstable. Unused medications, especially opioids, pose a risk of misuse if left accessible in the home. Safe disposal is a straightforward but important step in medication management.

### Preferred Disposal Methods

The safest option is a drug take-back program. The U.S. Drug Enforcement Administration hosts National Prescription Drug Take-Back events twice a year, and many pharmacies, hospitals, and police stations maintain year-round drop-off boxes. You can find a location near you by visiting the DEA's take-back site or calling your local pharmacy.

### At-Home Disposal

If a take-back location is not available, the FDA recommends mixing unused medications with an undesirable substance like used coffee grounds, dirt, or cat litter. Place the mixture in a sealed container or bag and throw it in the household trash. Remove or scratch out personal information on the prescription label before discarding the empty bottle.

A small number of medications, primarily potent opioids listed by the FDA, are recommended for flushing down the toilet when take-back options are not available, because the risk of accidental ingestion or misuse outweighs the environmental concern. Check the FDA's flush list if you are unsure.

Never share prescription medications with another person, even if they have similar symptoms.

## Staying on Top of Medication Safety

Managing medications at home is an ongoing process, not a one-time project. Revisit your medication list after every doctor visit. Refill your pill organizer at the same time each week. Keep communication open between doctors, pharmacists, and caregivers. Ask questions whenever a new medication is prescribed, and never hesitate to request a review of the full regimen.

For families navigating complex medication schedules, a professional home caregiver can be a valuable ally. In-home care aides provide daily medication reminders, help maintain organized systems, watch for side effects, and communicate changes to family members. If you are looking for a reliable home care agency in your area that can support your loved one with medication management and other daily needs, [search our directory at Senior Home Care Finder](/) to find trusted providers near you.","The average senior takes five or more prescription medications daily. Keeping track of doses, timing, and interactions is critical. Here is how to manage medications safely at home.",Senior Home Care Finder Staff,5/2/2026,https://res.cloudinary.com/dnmrgvjdm/image/upload/v1773973805/ManagingMeds_z7h1rx.png,"Medication errors send 125,000 seniors to the hospital each year. Learn how to organize medications safely, prevent dangerous interactions, and use technology to stay on track.",Published,,Tips
How to Talk to Your Parent About Home Care,how-to-talk-to-parent-about-home-care,"You have noticed the signs. Maybe the house is not as clean as it used to be, or your mother forgot to take her medication again, or your father had a fall and tried to hide it from you. You know in your gut that your parent needs some help at home, but actually saying that out loud to them feels almost impossible. If you are dreading this conversation, know that you are not alone. This is one of the most emotionally charged discussions families face, and there is no script that makes it easy. But there are ways to approach it that increase the chances of a productive outcome while preserving your parent's dignity and your relationship.

## Why This Conversation Is So Hard

Before you sit down with your parent, it helps to understand why this discussion carries so much weight for everyone involved. This is not just a logistics conversation. It touches on some of the deepest fears and emotions a person can experience.

### Loss of Independence

For most older adults, independence is not just a preference. It is an identity. Your parent has spent decades running a household, making decisions, and taking care of themselves. Suggesting that they need help can feel like you are telling them that the life they have built is slipping away. Even when the need is obvious to everyone else, accepting help can feel like the beginning of the end.

### Role Reversal

There is something deeply uncomfortable about the moment when the child becomes the caretaker. Your parent changed your diapers, drove you to school, and worried about you for decades. Now you are the one worrying, and that shift can be painful for both of you. Your parent may resist because accepting your concern feels like an admission that the roles have flipped.

### Denial and Fear

Sometimes a parent who clearly needs help will insist that everything is fine. This is not stubbornness for its own sake. It is often rooted in fear: fear of losing control, of being a burden, of what comes next. Denial is a coping mechanism, and pushing too hard against it can cause a person to dig in deeper. Understanding this helps you approach the conversation with patience rather than frustration.

### Family Dynamics

If you have siblings, the conversation gets more complicated. One sibling may think the situation is urgent while another insists it is not that bad. Old rivalries and resentments can surface at the worst possible time, and your parent may play siblings against each other if it helps them avoid the topic.

## When to Have the Conversation

### Before a Crisis

The best time to talk about home care is before it is urgently needed. If your parent is generally healthy but starting to slow down, that is the ideal window. The conversation is much less threatening when it is framed as planning ahead rather than responding to an emergency. You can say something like, ""I want us to think about this now so that if anything ever happens, we already have a plan."" This takes the pressure off and positions the discussion as something responsible adults do, not as an intervention.

### After a Triggering Event

In reality, many families do not have the conversation until something happens. A fall, a missed medication, a fender bender, a call from a concerned neighbor. If a specific event prompted your concern, it can actually be helpful to reference it, but gently. The event provides a concrete, undeniable reason to talk, which is easier than trying to build a case from general observations that your parent can wave away.

### What to Avoid

Do not ambush your parent. Do not have this conversation in front of people they are not comfortable with. Do not bring it up during a holiday dinner or a family gathering where they might feel ganged up on. Choose a quiet, private moment when you are both calm and there is no time pressure.

## How to Prepare

Walking into this conversation without preparation is a mistake. The more thought you put in beforehand, the more likely it is to go well.

### Gather Facts

Before you talk to your parent, do your homework. Research what home care actually looks like. Many older adults picture a hospital-like setting or assume it means giving up all control. When you can explain that a caregiver might simply help with grocery shopping, cooking, or driving to appointments, it becomes far less intimidating. Know the general cost range in your area and what services are available, from companion care to skilled nursing. The more specific and practical you can be, the less abstract and scary the idea will seem.

### Identify Specific Concerns

Vague statements like ""I'm worried about you"" are easy to dismiss. Specific observations are harder to argue with. Write down the things you have noticed: the expired food in the refrigerator, the unpaid bills on the counter, the bruise on their arm they cannot explain. You do not need to present these like evidence in a courtroom, but having concrete examples in mind will help you stay focused if the conversation veers off track.

### Get Siblings on the Same Page

If you have brothers or sisters, talk to them first. Agree on what you have observed, what you think is needed, and who will lead the conversation. Presenting a united front does not mean ganging up on your parent. It means making sure they are not getting mixed messages. If one sibling is dismissive of the concerns, address that privately before involving your parent.

## Conversation Strategies That Work

### Lead With Love, Not Logic

Your parent is far more likely to hear you if the conversation starts with affection rather than a list of problems. Begin by telling them what they mean to you and why you are bringing this up. Something like, ""Dad, I love you and I want you to be safe and comfortable. That is the only reason I am bringing this up."" This sets the tone. You are not criticizing them. You are not trying to take over their life. You are coming from a place of care.

### Listen First

Before you launch into your points, ask your parent how they are feeling. Ask them if there is anything that has been harder lately. Ask what worries them. You may be surprised by what they say. Sometimes a parent who seems resistant to help is actually already aware that things are getting harder, and they just need someone to open the door to the conversation. Listening first also shows respect, and it gives you valuable information about where they are emotionally.

### Use ""I"" Statements

There is a significant difference between ""You can't manage on your own anymore"" and ""I worry about you when I'm not here."" The first one sounds like an accusation. The second one is an expression of love. Frame your concerns from your own perspective. ""I noticed the kitchen looked different last time I visited"" is less confrontational than ""You're not keeping the house clean."" This is not about being dishonest. It is about choosing language that invites dialogue rather than triggering defensiveness.

### Avoid Ultimatums

Telling your parent ""You either accept help or we're putting you in a facility"" will almost always backfire. Ultimatums remove choice, and choice is exactly what your parent is trying to hold on to. Even if you are genuinely concerned about their safety, framing the situation as all-or-nothing will make them dig in. Instead, offer options. ""Would you be open to having someone come by a couple of times a week, just to help with the things that are harder now?"" Giving them a sense of control over the decision makes it easier to say yes.

### Focus on What They Gain, Not What They Lose

Reframe home care as something that adds to their life rather than takes away their independence. A caregiver means they can stay in their own home longer, get to appointments they have been missing, and have someone to talk to during the day. It also means less reliance on you, which many parents actually want. When a parent understands that home care helps them maintain independence rather than surrender it, the whole conversation shifts.

## Common Objections and How to Respond

### ""I Don't Need Help""

This is the most common response, and it deserves respect even when you disagree. Do not argue the point directly. Instead, acknowledge their feelings and gently redirect. ""I know you've always been incredibly independent, and I admire that about you. I'm not saying you can't do things. I just think having a little support could make your days easier and give me some peace of mind."" Sometimes, framing it as something that helps you can be the thing that gets through.

### ""I Can't Afford It""

Cost is a legitimate concern, and you should take it seriously. Come prepared with information about what home care costs in your area and what options exist for financial assistance. Medicare covers some home health services when medically necessary. Medicaid programs vary by state but often include home care benefits. Veterans may qualify for Aid and Attendance benefits. Long-term care insurance may cover in-home services. If cost is genuinely a barrier, a geriatric care manager can help identify resources and programs that your family may not know about.

### ""I Don't Want a Stranger in My House""

This is an understandable fear. Your parent's home is their private space, and inviting someone new into it feels intrusive. Acknowledge that feeling directly. Then explain that reputable agencies carefully screen and train their caregivers, and that your parent would have input into who comes into their home. Many agencies will do a meet-and-greet before care begins so your parent can see if the caregiver is a good fit. You might also point out that many seniors who initially resisted end up forming genuine friendships with their caregiver.

### ""I'm Not That Old""

Age is relative, and your parent may genuinely not see themselves as someone who needs care. Rather than arguing about age, redirect the conversation to specific needs. ""This isn't about age. It's about making sure you can keep doing the things you enjoy. If having someone help with the house means you have more energy for your garden or your friends, isn't that worth considering?"" Tying the conversation to activities they value can make it feel less like a concession and more like a practical decision.

## Involving the Doctor

If your parent is resistant to hearing concerns from family, their physician can be a powerful ally. Many older adults have deep trust in their doctor, and a recommendation from a medical professional carries weight that a child's suggestion may not. If possible, speak with your parent's doctor privately before an appointment. Explain what you have been observing and ask if they can bring up in-home support during the visit. A doctor can frame the recommendation in medical terms, such as fall prevention or medication management, which makes it feel less personal and more practical.

## Starting Small: Companion Care as an Entry Point

One of the most effective strategies is to start with the least intimidating level of care. Companion care is a service where a caregiver provides company, helps with light household tasks, drives to appointments, and generally makes sure your parent is safe and engaged. It does not involve medical procedures or personal care like bathing, which many seniors find more difficult to accept.

Suggesting companion care is often an easier sell because it does not feel like ""care"" in the clinical sense. You can frame it as having someone to help around the house, or as a way for your parent to get out more. Once your parent gets comfortable with a companion caregiver and sees the benefits firsthand, they are often far more open to additional services down the road if needed.

## When a Parent Refuses Help

Sometimes, despite your best efforts, your parent will say no. This is their right, as long as they are cognitively capable of making their own decisions. As painful as it is to watch a parent struggle when you know help is available, forcing the issue can damage your relationship and may not even be legally permissible.

If your parent refuses, do not give up entirely. Step back and give them time. Sometimes the idea needs to settle before a person can accept it. Continue to check in, continue to express your concerns with love, and revisit the conversation in a few weeks or months. Circumstances change, and a parent who says no today may feel differently after another fall or another lonely winter.

However, if you believe your parent is in immediate danger or is no longer capable of making safe decisions due to cognitive decline, the situation is different. In those cases, you may need to consult with an elder law attorney about options like guardianship. These are last-resort measures, but they exist for situations where safety is genuinely at stake.

## Getting Professional Guidance

If you feel stuck, a geriatric care manager can be invaluable. These are professionals, usually licensed nurses or social workers, who specialize in helping families navigate elder care decisions. A geriatric care manager can assess your parent's needs objectively, recommend appropriate levels of care, help mediate family disagreements, identify financial resources, and even accompany your parent to medical appointments.

Having a neutral third party involved can take some of the emotional heat out of the conversation. Your parent may be more receptive to a professional assessment than to concerns from a child they still see as their baby. Geriatric care managers can be found through the Aging Life Care Association, and many offer an initial consultation to help you determine whether their services would be a good fit.

## Moving Forward With Compassion

There is no perfect way to have this conversation. Even with the best preparation and the most careful language, it may not go smoothly. Your parent may get angry, cry, or shut down. You may feel guilty, frustrated, or heartbroken. All of those reactions are normal.

What matters most is that you showed up. You raised the topic because you love your parent, and that love is the foundation everything else is built on. Whether the conversation leads to immediate action or plants a seed that takes months to grow, you have done something important.

If you are ready to explore what home care might look like for your family, companion care is often the most natural place to start. It is flexible, affordable compared to other care options, and it gives your parent a chance to experience in-home support without feeling like their world is changing overnight. Browse our [directory of home care agencies](/) to find trusted providers in your area and take that first step.
","Your parent needs help but does not want to hear it. This guide offers proven strategies for having the home care conversation with empathy, respect, and results.",Senior Home Care Finder Staff,4/4/2026,https://res.cloudinary.com/dnmrgvjdm/image/upload/v1773974004/ToughConversation_u8y1om.png,"Bringing up home care with an aging parent is one of the hardest conversations families face. Learn how to approach it with empathy, respect, and practical strategies that work.",Published,,Family Caregiving
Understanding Hospice Care at Home: What Families Need to Know,hospice-care-at-home,"When a doctor says the words ""it may be time to consider hospice,"" the ground shifts beneath you. Even if you have watched your loved one's health decline for months or years, the conversation feels sudden. Final. Frightening.

But here is something families need to hear clearly: choosing hospice care is not choosing to give up. It is choosing to redirect all of the energy, resources, and attention toward keeping your loved one comfortable, dignified, and surrounded by the people and things they love during the time they have left.

Hospice care at home is one of the most compassionate and misunderstood options in our healthcare system. This guide is for the families standing at that difficult crossroads, trying to understand what hospice actually means, what it provides, what it does not provide, and how to fill the gaps so your loved one receives the fullest possible care in their final chapter.

## What Hospice Care Is — and What It Is Not

Hospice is a philosophy of care, not a place. While some patients receive hospice in dedicated facilities or nursing homes, the vast majority — roughly 50 percent according to the National Hospice and Palliative Care Organization — receive hospice services in their own home.

The core principle is simple: when curative treatment is no longer working or no longer desired, the medical focus shifts from fighting the disease to managing its symptoms. Pain control, comfort, emotional support, and quality of life become the goals.

### What hospice is:

- **Comfort-focused medical care.** The hospice team manages pain, nausea, breathing difficulties, anxiety, and other symptoms so the patient can be as comfortable as possible.
- **A coordinated team approach.** Hospice brings together doctors, nurses, social workers, chaplains, home health aides, and trained volunteers to support both the patient and their family.
- **Holistic care.** Hospice addresses physical, emotional, and spiritual needs. It recognizes that dying is not just a medical event — it is a deeply human one.
- **Support for the whole family.** Hospice does not just care for the patient. It provides counseling, education, and respite for the people doing the caregiving.

### What hospice is not:

- **It is not giving up.** This is the single most damaging myth about hospice. Choosing comfort over continued aggressive treatment is an act of love and wisdom, not defeat. Many families report that their loved one's quality of life actually improved after starting hospice because pain was finally managed well.
- **It is not a death sentence.** A hospice referral does not mean death is imminent. Some patients are on hospice for months. Others stabilize and are discharged from hospice entirely.
- **It is not euthanasia or assisted death.** Hospice neither hastens nor postpones death. It allows the natural process to unfold while keeping the patient comfortable.
- **It is not 24-hour bedside care.** This is a critical point that many families do not understand until they are already enrolled, and we will address it in detail below.

## Who Qualifies for Hospice Care

Hospice eligibility has specific medical criteria, though the process of enrolling is more straightforward than many families expect.

### The basic requirements:

- **A terminal diagnosis with a life expectancy of six months or less** if the disease follows its expected course. This is an estimate, not a guarantee. Many patients live longer than six months on hospice, and they are not removed simply because they outlive the initial prognosis.
- **Certification by two physicians.** The patient's attending physician and the hospice medical director must both certify that the patient meets the criteria.
- **The patient (or their healthcare proxy) elects hospice.** Hospice is always voluntary. No one can be forced into it.
- **The patient agrees to forgo curative treatment** for the terminal illness. This does not mean they stop all medical care — they can still receive treatment for conditions unrelated to the terminal diagnosis.

### Common conditions that lead to hospice:

- Advanced cancer
- End-stage heart failure
- Late-stage Alzheimer's disease and other dementias
- End-stage lung disease (COPD, pulmonary fibrosis)
- End-stage kidney or liver disease
- ALS and other progressive neurological conditions
- Stroke with severe decline
- General debility and failure to thrive in the very elderly

If you are unsure whether your loved one qualifies, ask their doctor for an honest conversation about prognosis. You can also contact a hospice provider directly — they will conduct an evaluation at no cost.

## What the Hospice Team Provides

One of the greatest strengths of hospice is the multidisciplinary team that wraps around the patient and family. Understanding each role helps you know what to expect and who to call when questions arise.

### Hospice Physician (Medical Director)

The hospice doctor oversees the plan of care, collaborates with the patient's primary physician, and manages medication adjustments for symptom control. They are available for consultation but typically do not make regular house calls unless there is a complex medical need.

### Registered Nurse (Case Manager)

The hospice nurse is usually the family's primary point of contact. They visit the home regularly — often once or twice a week, more frequently as the patient's condition changes — to assess symptoms, adjust medications, educate family caregivers on what to expect, and coordinate with the rest of the team. When something feels wrong at 2 a.m., the hospice nurse line is who you call.

### Social Worker

The hospice social worker helps the family navigate the emotional, practical, and financial dimensions of the situation. They can assist with advance directives, connect families with community resources, mediate family disagreements about care decisions, and provide counseling.

### Chaplain or Spiritual Counselor

Regardless of the patient's religious background — or lack of one — the hospice chaplain is available to support spiritual and existential needs. For many people facing the end of life, questions of meaning, forgiveness, legacy, and faith become urgent. The chaplain meets people where they are without imposing any particular belief system.

### Home Health Aide

The hospice aide visits several times a week to help with bathing, grooming, dressing, and light personal care. Their visits typically last one to two hours. They provide genuine human connection alongside practical help, and many families grow deeply attached to their aide.

### Trained Volunteers

Hospice organizations are required to use trained volunteers as part of their program. Volunteers may sit with the patient so a family caregiver can run errands, provide companionship, read aloud, help with light tasks, or simply be a calm presence in the home.

### Bereavement Counselor

Hospice support does not end at death. Bereavement services are available to the family for at least 13 months after the patient passes, including counseling, support groups, and check-in calls.

## What Hospice Does NOT Provide — and the Gap That Matters

Here is the reality that catches many families off guard: **hospice care is not 24-hour care.** It is not even close.

A typical hospice patient at home might receive a nurse visit two or three times a week for about an hour each time, an aide visit three times a week for an hour or two, and periodic visits from the social worker, chaplain, and volunteers. Add it all up and the hospice team might be in the home for eight to twelve hours per week.

That leaves more than 150 hours each week when the family is on its own.

For patients who need help getting to the bathroom at night, who cannot be left alone safely, who become confused or agitated, or who simply should not be by themselves — those remaining hours represent an enormous responsibility. In most cases, it falls on a spouse, adult child, or other family member to fill the gap. And the weight of that responsibility, day after day and night after night, can be crushing.

This is not a flaw in hospice. Hospice was designed as an intermittent service model, supplementing family caregiving with professional medical support. But it means families need to think carefully about who will provide the hands-on, around-the-clock presence that many hospice patients require.

## How Non-Medical Home Care Complements Hospice

This is where non-medical home care agencies become essential partners in the hospice journey. While hospice handles the medical side — pain management, symptom control, nursing assessments — a non-medical home care agency can provide the consistent daily presence that hospice does not.

### Companionship and supervision

A home care companion can sit with the patient during the day so the primary caregiver can go to work, keep appointments, or simply take a break. They provide conversation, engagement, and the reassurance that someone is always there.

### Overnight and 24-hour care

When the patient cannot be safely left alone at night — due to fall risk, confusion, or advancing symptoms — overnight caregivers ensure someone is always awake and attentive. In the final days, when families want constant bedside presence, 24-hour home care provides that coverage.

### Personal care assistance beyond hospice aide hours

Hospice aides have limited visit hours. A non-medical caregiver can assist with toileting, repositioning, feeding, and hygiene throughout the day, not just during the scheduled hospice aide visit.

### Homemaking and meal preparation

Someone still needs to cook, clean, do laundry, and manage the household. When the primary caregiver is emotionally and physically exhausted, having a home care aide handle these tasks is not a luxury — it is a necessity.

### Caregiver respite

Family caregivers in a hospice situation are under extraordinary stress. The grief begins before the death. The physical demands are relentless. Respite care — having a trained caregiver come in for a few hours or a full day so the family member can rest — is one of the most important services available. Hospice offers some respite, but the hours are limited. Non-medical home care can fill the gap as often as needed.

### Errands and transportation

Picking up prescriptions, buying supplies, driving other family members — the logistical demands do not stop because someone is dying. A home care aide can handle errands or stay with the patient while the family member takes care of them.

## The Medicare Hospice Benefit

Most hospice care in the United States is covered by Medicare, and the benefit is remarkably comprehensive. Understanding what is covered can relieve significant financial stress during an already overwhelming time.

### What Medicare hospice covers:

- Physician services related to the terminal illness
- Nursing care
- Medical equipment (hospital bed, wheelchair, oxygen, etc.)
- Medical supplies (bandages, catheters, gloves, etc.)
- Medications for symptom control and pain management
- Home health aide services
- Physical therapy, occupational therapy, and speech therapy as needed for comfort
- Social work services
- Spiritual counseling
- Short-term inpatient respite care (up to five consecutive days)
- Short-term inpatient care for symptom management that cannot be handled at home
- Bereavement support for the family
- Dietary counseling

### What Medicare hospice does NOT cover:

- Room and board (the patient pays their normal housing costs)
- Treatment intended to cure the terminal illness
- Care from a provider not arranged by the hospice team
- **Non-medical home care services** — the companionship, overnight care, and homemaking help described above are a separate cost

Most Medicaid programs also cover hospice, and many private insurance plans include a hospice benefit modeled on Medicare's. If cost is a concern, the hospice social worker can help identify resources, including veterans' benefits, Medicaid eligibility, and charitable assistance programs.

## Preparing the Home for Hospice Care

When hospice begins, the home may need some adjustments to keep the patient safe and comfortable.

- **A hospital bed** is usually provided by hospice and should be placed in a room that is accessible, near a bathroom, and central enough that the patient does not feel isolated.
- **Remove tripping hazards** like throw rugs, electrical cords, and clutter from pathways.
- **Stock supplies.** Hospice will provide medical supplies, but families should keep extra linens, towels, and basic toiletries on hand.
- **Designate a medication area.** Keep all medications organized, labeled, and in one secure location. The hospice nurse will guide you on this.
- **Create a contact list.** Post the hospice nurse line, the home care agency number, and emergency contacts where everyone can see them.
- **Make space for visitors.** In the weeks ahead, family and friends will want to visit. A comfortable chair near the patient's bed, adequate lighting, and a sense of calm in the room will matter more than you expect.

## What to Expect in the Final Weeks and Days

Every death is different, and the hospice team will prepare you for the specific changes to expect given your loved one's condition. But there are common patterns that most families encounter.

### In the final weeks:

- Increased sleeping and reduced interest in food and drink. This is normal and not a sign of suffering. The body is naturally shutting down.
- Withdrawal from social interaction. The patient may become quieter, less interested in conversation, and more internally focused.
- Moments of clarity. Some patients have brief periods of increased alertness and energy, sometimes called ""rallying."" These moments can be beautiful and confusing at the same time.

### In the final days:

- Changes in breathing patterns, including periods of irregular breathing or pauses between breaths.
- Mottled or cool skin, particularly in the hands and feet.
- Decreased responsiveness, though hearing is believed to be one of the last senses to fade. Keep talking to your loved one. Tell them what you need to say.
- Restlessness or agitation in some patients, which the hospice nurse can address with medication adjustments.

The hospice team will guide you through every stage. Do not hesitate to call them at any hour if something concerns you. That is what they are there for.

## Bereavement Support After the Loss

The relationship with hospice does not end when your loved one dies. Federal regulations require hospice programs to provide bereavement support to families for at least 13 months following the death.

This may include:

- Individual counseling sessions
- Support groups for grieving family members
- Phone calls or mailings to check in on the family's well-being
- Referrals to community grief resources
- Memorial services or remembrance events

Grief does not follow a schedule, and there is no correct way to mourn. But having professional support available — people who knew your loved one and understand what you have been through — can make a real difference in the months after the loss.

## Common Myths About Hospice

Even though hospice has been available in the United States since the 1970s, persistent myths prevent many families from accessing it or cause them to delay until the very end.

**Myth: Hospice means you are dying in days.**
Reality: The average length of stay in hospice is over 90 days. Many patients are enrolled for six months or longer. Earlier enrollment means more time to benefit from symptom management and support services.

**Myth: You cannot go back to curative treatment once you start hospice.**
Reality: You can revoke hospice at any time and return to curative treatment. If the treatment does not work, you can re-enroll in hospice. There is no penalty and no judgment.

**Myth: Hospice means being sedated and unresponsive.**
Reality: The goal of hospice is comfort, not unconsciousness. Good pain management keeps patients alert and engaged for as long as possible. Heavy sedation is used only when symptoms cannot be controlled by other means, and always with the family's input.

**Myth: Hospice only serves cancer patients.**
Reality: While cancer was historically the primary hospice diagnosis, today nearly half of all hospice patients have non-cancer diagnoses including dementia, heart disease, and lung disease.

**Myth: Hospice is expensive.**
Reality: For Medicare beneficiaries, hospice is covered with little to no out-of-pocket cost. It is one of the most comprehensive benefits Medicare offers.

**Myth: You have to have a do-not-resuscitate order to be on hospice.**
Reality: While hospice programs discuss resuscitation preferences as part of advance care planning, a DNR is not universally required for enrollment. Policies vary by state and provider.

**Myth: Hospice replaces the family.**
Reality: Hospice supplements family caregiving. The family remains the primary source of day-to-day care, love, and presence. Hospice gives you the tools, knowledge, and medical support to do that caregiving well.

## Making the Decision

If you are reading this, you may be in the middle of one of the hardest decisions your family will ever face. Here is what matters most: talk to the people involved. Talk to your loved one if they are able to participate. Talk to their doctor honestly about prognosis and quality of life. Talk to a hospice provider — most will send a representative to your home for a free consultation with no obligation.

And know this: families who enroll in hospice earlier rather than later consistently report better experiences. They have more time with meaningful symptom management. They have more time with the support team in place. They have more time to say what needs to be said.

Hospice care at home, combined with the right non-medical home care support to fill the gaps, can give your loved one something profoundly valuable — the chance to spend their remaining time in the place they know best, surrounded by the people they love most, with their pain managed and their dignity intact.

## Find Hospice Support Near You

If your family is exploring hospice or already receiving hospice care and needs additional in-home support, [Senior Home Care Finder](/) can help you connect with non-medical home care agencies in your area that work alongside hospice teams. Search by your city or state to find compassionate, experienced caregivers who understand the unique needs of hospice families.","Choosing hospice care is not giving up. It is choosing comfort, dignity, and quality of life during a difficult time. Here is what families need to know about hospice care at home.",Senior Home Care Finder Staff,3/21/2026,https://res.cloudinary.com/dnmrgvjdm/image/upload/v1773974260/HospiceHomeCare_lsezzz.png,"Hospice care allows terminally ill patients to spend their final months at home with comfort and dignity. Learn what hospice provides, how to qualify, and how non-medical home care supports hospice families.",Published,,Care Types
Protecting Seniors from Scams: A Guide for Families and Caregivers,protecting-seniors-from-scams,"Every year, thousands of families across the country discover that someone they love has been the victim of fraud. The phone call from a confused parent admitting they wired money to a stranger. The bank statement showing thousands of dollars in unexplained withdrawals. The realization that a trusted ""friend"" has been systematically stealing from someone who trusted them completely.

Elder fraud is not a minor nuisance. According to the FBI's Internet Crime Complaint Center (IC3), Americans over the age of 60 lost more than $3.4 billion to fraud in a single recent year, and that figure almost certainly underestimates the true scope. Many victims never report what happened because they feel ashamed, do not realize they were scammed, or fear losing their independence if family members find out.

This guide is not meant to frighten you. It is meant to arm you with knowledge so you can protect the people you love. Understanding how scams work, recognizing the warning signs early, and putting practical safeguards in place can make the difference between a close call and a devastating loss.

## Why Seniors Are Targeted

Scammers are strategic. They target older adults not because seniors are foolish, but because several factors make them more vulnerable than the general population.

### Isolation

Seniors who live alone and have limited daily social contact are prime targets. Without someone nearby to consult, a person who receives a frightening phone call or a too-good-to-be-true offer has no one to say, ""Wait, that does not sound right."" Isolation also means fewer people are watching for changes in behavior or finances that might signal a problem.

### Trust and Generational Norms

Many older adults grew up in an era when a handshake was a contract and people generally meant what they said. They may be more trusting of authority figures, less skeptical of unsolicited callers, and more willing to be polite to strangers even when something feels off. Scammers exploit that decency ruthlessly.

### Cognitive Changes

Normal age-related cognitive decline can make it harder to evaluate complex financial decisions, recognize manipulation tactics, or remember the details of a suspicious interaction well enough to report it. For seniors with dementia or early-stage Alzheimer's, the vulnerability increases dramatically. They may not remember giving money away at all.

### Accumulated Wealth

Older Americans are more likely to own their homes outright, have retirement savings, and carry good credit. They represent a lucrative target. A successful scam against a senior can yield tens or even hundreds of thousands of dollars in a single operation.

### Reluctance to Report

Scammers know that many seniors will not report the crime. Some feel embarrassed. Others fear that their children will use the incident as evidence that they can no longer manage their own affairs. This fear of losing autonomy keeps many victims silent, which in turn emboldens the criminals.

## The Most Common Scams Targeting Seniors

Fraud schemes evolve constantly, but several categories have remained stubbornly persistent because they continue to work. Knowing what these look like is the first line of defense.

### Medicare and Health Insurance Fraud

Scammers pose as Medicare representatives or health insurance agents, calling seniors to ""verify"" their Medicare number, offer free medical equipment, or warn about changes to their coverage. Once they have a Medicare number, they can bill for phantom services, order unnecessary equipment, or steal the senior's identity outright. Legitimate Medicare representatives will never call unsolicited to ask for personal information.

### The Grandparent Scam

This scheme is devastatingly effective because it exploits the strongest emotion a scammer can find: love for a grandchild. The caller pretends to be a grandchild in crisis, calling from jail, a hospital, or a foreign country. They beg for money and plead with the grandparent not to tell anyone. Variations include a caller posing as the grandchild's attorney or a bail bondsman. Advances in AI voice cloning have made these calls even more convincing, as scammers can now mimic a real grandchild's voice using audio scraped from social media.

### Tech Support Scams

A pop-up appears on the computer warning of a virus. Or someone calls claiming to be from Microsoft, Apple, or the senior's internet provider, insisting the computer has been compromised. The scammer asks for remote access to the machine, then either installs actual malware, steals financial information directly, or charges hundreds of dollars for ""repairs"" that were never needed.

### Romance Scams

These are among the most financially and emotionally destructive. The scammer builds a relationship over weeks or months through dating sites, social media, or even email, establishing genuine emotional intimacy before ever asking for money. When they do, the requests start small and escalate. Victims often lose tens of thousands of dollars before anyone intervenes, and the emotional damage can be as severe as the financial loss.

### IRS and Government Impersonation

The caller claims to be from the IRS, Social Security Administration, or another government agency. They warn of unpaid taxes, a suspended Social Security number, or an outstanding warrant, and demand immediate payment, often via gift cards or wire transfer. The call may include threats of arrest, deportation, or benefit suspension. Real government agencies do not operate this way. The IRS initiates contact by mail, not by phone, and no legitimate agency demands payment via gift cards.

### Sweepstakes and Lottery Scams

The senior receives a call, email, or letter announcing they have won a prize, but must pay taxes, fees, or shipping costs before collecting. There is no prize. Once the initial payment is made, the scammer continues to invent new fees, milking the victim for as long as possible. Some victims have lost their entire savings over months of escalating payments.

### Home Repair and Contractor Scams

A person shows up at the door, often after a storm, offering to inspect the roof, repave the driveway, or perform other home repairs at a suspiciously low price. They demand payment upfront, then either disappear, perform shoddy work, or use the access to case the home for a later burglary. Seniors who live alone and own their homes are particularly vulnerable to this in-person approach.

## Warning Signs That a Senior Is Being Scammed

Scams often unfold over days, weeks, or even months. The earlier you recognize the signs, the more you can limit the damage.

### Financial Red Flags

- **Unusual withdrawals or transfers.** Large or frequent withdrawals that do not match the senior's normal spending patterns, especially wire transfers or large cash withdrawals.
- **New accounts or credit cards.** Accounts the senior did not open, or cannot explain.
- **Unpaid bills despite adequate funds.** Money is going somewhere, but not where it should be.
- **Purchases of gift cards in large quantities.** This is one of the most reliable indicators. No legitimate entity requests payment in gift cards.
- **Changes to wills, power of attorney, or beneficiaries.** Especially if the changes benefit someone unfamiliar to the family.

### Behavioral Red Flags

- **Secrecy about finances or phone calls.** A parent who was always open about money suddenly becomes defensive or evasive.
- **New ""friends"" or relationships** that the senior is reluctant to discuss, especially if they have never met the person in real life.
- **Fear, anxiety, or agitation** that is out of character, particularly around the phone or mail.
- **Missing mail.** Scammers sometimes redirect mail to intercept bank statements and other documents.
- **Reluctance to make eye contact** or discomfort when financial topics come up.
- **Isolation from family and friends.** Scammers often encourage victims to distance themselves from people who might intervene.

## Prevention Strategies That Actually Work

You cannot eliminate every risk, but you can dramatically reduce vulnerability with a combination of practical measures and open communication.

### Have the Conversation Early

Talk with your loved one about scams before anything happens. Frame it as something that affects everyone, not just seniors. Share stories from the news. Make it clear that falling for a scam is not a sign of weakness or incompetence, and that you would always rather help than judge. This conversation is far easier to have before a crisis than after one.

### Set Up Call Screening

Register your loved one's phone number on the National Do Not Call Registry (donotcall.gov). Enable call screening or blocking features on their phone. Many carriers offer free robocall-blocking tools. Consider a call-blocking device designed specifically for landlines, which many seniors still use as their primary phone.

### Protect the Mail

A locked mailbox prevents theft of bank statements, checks, and other sensitive documents. If your loved one receives a high volume of sweepstakes mailings, you can reduce them through the Direct Marketing Association's opt-out service. Consider switching important accounts to paperless statements where possible.

### Monitor Finances

With your loved one's permission, set up account alerts for transactions above a certain threshold. Review bank and credit card statements regularly. A trusted family member should be authorized to view accounts even if they are not making transactions. Many banks now offer elder financial protection programs that flag unusual activity.

### Establish Power of Attorney

A durable financial power of attorney allows a trusted family member to manage finances if the senior becomes unable to do so. This is best done early, while the senior is fully competent, and should be treated as a practical planning step rather than a loss of independence. An elder law attorney can help structure this to balance protection with autonomy.

### Limit Online Exposure

Help your loved one adjust privacy settings on social media. Scammers mine platforms like Facebook for personal details they can use to make their approaches more convincing. A grandparent scammer who knows the grandchild's name, school, and recent vacation destination is far more believable than one who does not.

### Create a Verification Protocol

Agree on a family code word that a real grandchild would use if they ever called in a genuine emergency. Establish a rule that no one in the family will ever ask for money via gift cards or wire transfer. Make it easy for your loved one to pause and verify by calling a family member before responding to any financial request.

## How Home Caregivers Help Protect Against Scams

One of the most overlooked benefits of in-home care is the protection it provides against fraud. A caregiver who spends regular time in the home creates a natural barrier against many of the conditions that scammers exploit.

### Reducing Isolation

Companionship is the single most powerful defense against scam vulnerability. A senior who has regular, meaningful human contact is less likely to engage with a suspicious caller out of loneliness, less susceptible to romance scams, and more likely to mention a strange interaction to someone who can help evaluate it. Companion care does not just improve quality of life. It closes the door on one of the primary avenues scammers use to reach their victims.

### Monitoring for Unusual Activity

A caregiver who is present in the home regularly may notice things a long-distance family member cannot: an unusual number of phone calls, unfamiliar visitors, stacks of sweepstakes mail, gift card receipts, or a senior who seems anxious or secretive. They can alert family members to changes in behavior or spending patterns before significant damage occurs.

### Providing a Trusted Sounding Board

When a suspicious call comes in and a caregiver is present, the senior has someone to turn to immediately. That moment of consultation, before any money changes hands, can be the difference between a near-miss and a catastrophe. Caregivers can be briefed on common scam tactics so they know what to watch for and how to respond supportively if they suspect something is wrong.

## What to Do If a Senior Has Been Victimized

If you discover or suspect that your loved one has been scammed, act quickly but compassionately. The priority is to stop the bleeding, then to report and recover.

### Immediate Steps

1. **Do not blame the victim.** Shame and judgment will only make the senior less likely to cooperate or disclose the full extent of what happened. Reassure them that this is not their fault and that you are there to help.
2. **Contact the bank or financial institution** immediately. They may be able to freeze accounts, reverse transactions, or flag the account for monitoring.
3. **Change passwords and PINs** for any compromised accounts, email, and online banking.
4. **Place a fraud alert or credit freeze** with the three major credit bureaus (Equifax, Experian, TransUnion) to prevent new accounts from being opened in the senior's name.

### Reporting the Crime

- **Adult Protective Services (APS).** Every state has an APS office that investigates elder abuse, including financial exploitation. Find your state's APS through the Eldercare Locator at eldercare.acl.gov or by calling 1-800-677-1116.
- **Federal Trade Commission (FTC).** Report fraud at reportfraud.ftc.gov. The FTC uses these reports to build cases against scam operations.
- **FBI Internet Crime Complaint Center (IC3).** File a report at ic3.gov, particularly for internet-based or phone-based scams.
- **Local law enforcement.** File a police report. Even if local police cannot investigate every case, the report creates a record that may be needed for insurance claims or legal proceedings.
- **State Attorney General's Office.** Many state AGs have elder fraud units and consumer protection divisions.

### Recovery Resources

- **AARP Fraud Watch Network** (aarp.org/fraud) offers a helpline staffed by trained volunteers who can provide guidance and emotional support to fraud victims.
- **National Elder Fraud Hotline** (1-833-FRAUD-11 / 1-833-372-8311) is staffed by case managers who can help victims navigate the reporting process and connect with local resources.
- **Identity Theft Resource Center** (idtheftcenter.org) provides free assistance to victims of identity theft, including help with credit restoration.

## Building a Culture of Protection

Protecting a senior from scams is not a one-time conversation or a single security measure. It is an ongoing commitment that combines practical safeguards with emotional support. The goal is not to restrict your loved one's independence but to create an environment where they feel empowered to question suspicious contacts, comfortable asking for help, and supported rather than judged if something goes wrong.

Families who stay engaged, visit regularly, communicate openly about finances, and ensure their loved one has consistent companionship are doing more to prevent elder fraud than any single technology or security tool ever could.

If your family is exploring ways to reduce a loved one's isolation and provide the kind of daily companionship that makes seniors less vulnerable to scams and exploitation, in-home companion care may be worth considering. A trusted caregiver in the home does more than help with daily tasks. They become a consistent, caring presence that helps keep your loved one safe, connected, and protected. You can browse local home care agencies in your area through our [national directory](/) to find the right fit for your family.","Older adults are the most targeted demographic for fraud. This guide covers the most common scams targeting seniors, warning signs to watch for, and practical steps families can take to protect their loved ones.",Senior Home Care Finder Staff,4/10/2026,https://res.cloudinary.com/dnmrgvjdm/image/upload/v1773974498/ScammedByFreudCall_qhvtgn.png,"Seniors lose over $3 billion to scams each year. Learn how to recognize common elder fraud tactics, protect your loved one, and what to do if they have been victimized.",Published,,Resources
Red Flags to Watch for When Hiring a Home Care Agency,red-flags-home-care-agency,"Most home care agencies are staffed by compassionate, hardworking professionals who genuinely want to help your loved one live safely and comfortably at home. But not every agency operates with the same standards, and not every caregiver is the right fit. When you are entrusting someone with the daily well-being of a vulnerable family member, knowing what to watch for can make all the difference between a positive experience and a harmful one.

This guide is not meant to make you suspicious of every agency you encounter. It is meant to arm you with the knowledge to recognize warning signs early — both during the hiring process and after care has begun — so you can act quickly and protect the person you love.

## Red Flags During the Search Process

The way an agency handles your initial inquiries tells you a great deal about how they will handle your loved one's care. Pay close attention during these early interactions.

### They Skip the In-Home Assessment

A reputable home care agency will always want to conduct an in-home assessment before care begins. This visit allows a care coordinator to meet your loved one, evaluate the home environment, understand medical needs, and develop a personalized care plan. If an agency is willing to send a caregiver without ever setting foot in the home or meeting the client, that is a significant warning sign. It suggests the agency is more interested in filling shifts than providing appropriate, individualized care.

### They Cannot Explain Their Screening Process

Every family deserves to know who is coming into their loved one's home. When you ask an agency how they screen their caregivers, you should receive a clear, specific answer. A trustworthy agency will describe their process for conducting criminal background checks, verifying professional certifications, checking references from previous employers, and confirming that caregivers are legally authorized to work.

If the person you speak with is evasive, vague, or dismissive when you ask about screening, consider it a serious concern. Phrases like ""we check everyone out"" or ""don't worry, all our people are great"" without any specifics should raise your guard. You are looking for a process, not a platitude.

### They Pressure You to Sign a Long-Term Contract

Quality home care agencies understand that families need flexibility. Care needs change, circumstances shift, and sometimes the arrangement simply does not work out. A reasonable agency will offer clear terms with manageable notice periods for cancellation — typically two weeks or thirty days.

Be cautious of any agency that pressures you to sign a lengthy contract, requires large upfront payments, or makes cancellation unnecessarily difficult. You should never feel locked in. If an agency is confident in the quality of its service, it should not need to trap you with contractual obligations.

### They Cannot Provide Proof of Insurance

Home care agencies should carry both general liability insurance and workers' compensation coverage. Liability insurance protects your family if a caregiver accidentally causes damage to your home or property. Workers' compensation protects the caregiver — and you — if they are injured while working in your loved one's home. Without workers' compensation coverage, your family could potentially be held liable for a caregiver's on-the-job injury.

Ask for certificates of insurance and verify that coverage is current. A legitimate agency will have these documents readily available. If an agency dodges this request or claims they do not need insurance, walk away.

### They Refuse to Provide References

Any established home care agency should be able to connect you with current or former clients (or their family members) who can speak to the quality of care they received. While privacy considerations may limit what an agency can share without client consent, a flat refusal to provide any references is a red flag.

Similarly, be cautious if the agency has no online reviews and no verifiable track record.

### Their Prices Are Unusually Low

Home care has real costs — fair caregiver wages, insurance premiums, training programs, administrative overhead, and regulatory compliance. When an agency quotes a rate that is dramatically lower than every other provider in your area, ask yourself how they are achieving that price. In many cases, the answer involves paying caregivers less, skipping background checks, cutting training programs, or operating without proper insurance.

This does not mean you should always choose the most expensive option. But if a price seems too good to be true, it probably is. Compare rates from at least three agencies in your area to understand the local market.

## Red Flags After Care Begins

Some problems only become visible once a caregiver is in your loved one's home. Staying attentive during the first weeks and months of care is essential.

### Frequent Caregiver Turnover

Consistency matters enormously in home care, especially for seniors with dementia or cognitive decline. If the agency keeps sending different caregivers with little explanation, it creates confusion and anxiety for your loved one and prevents the kind of trusting relationship that makes care effective.

Some turnover is normal in the home care industry. But if your family is seeing a revolving door of unfamiliar faces every week, it may indicate that the agency has trouble retaining staff — often a sign of poor management or inadequate pay. Ask the agency directly why turnover is happening and what they plan to do about it.

### Missed Visits Without Notice

A caregiver who does not show up — and an agency that does not notify you — is a serious problem. Your loved one may depend on that visit for medication reminders, meals, or help with mobility. A missed visit is not just an inconvenience; it can be a safety issue.

Reliable agencies have systems in place to track caregiver arrivals and departures. They should notify you promptly if a caregiver is running late or unable to make a shift, and they should have a backup plan for coverage. If missed visits happen more than once without adequate communication, the agency is failing at a fundamental level.

### The Caregiver Uses Your Loved One's Belongings

A professional caregiver should not be using your loved one's phone to make personal calls, driving their car for personal errands, eating their food without permission, or borrowing money — no matter how small the amount. These boundary violations may seem minor at first, but they can escalate and are often early indicators of exploitation.

If you notice these behaviors, raise the issue with the agency immediately. A responsible agency will address it directly and set clear expectations with the caregiver.

### Unexplained Bruises, Injuries, or Decline in Health

Any new, unexplained bruises, cuts, or injuries on your loved one should be taken seriously. While seniors can bruise easily and falls do happen, a pattern of unexplained injuries — particularly in areas that are not typical for accidental bumps, such as the upper arms, inner thighs, or torso — warrants immediate investigation.

Similarly, watch for sudden weight loss, dehydration, poor hygiene, or worsening of conditions that were previously stable. These can be signs of neglect rather than abuse, but they are equally concerning and demand attention.

### Changes in Mood or Behavior

If your loved one becomes withdrawn, anxious, fearful, or agitated after beginning home care — especially if they were not exhibiting these behaviors before — pay attention. Sudden personality changes can be a response to mistreatment, intimidation, or emotional abuse.

This is particularly important for seniors who have difficulty communicating due to dementia or other conditions. They may not be able to tell you something is wrong, but their behavior may be signaling it.

### Financial Irregularities

Keep a close eye on your loved one's financial accounts, especially if the caregiver has any access to money, credit cards, or checkbooks. Watch for unexplained withdrawals, missing cash, new credit card charges, changes to financial documents, or your loved one suddenly giving gifts to the caregiver.

Financial exploitation is one of the most common forms of elder abuse. Consider limiting the caregiver's access to financial information and monitoring accounts regularly.

### The Caregiver Discourages Family Visits

A caregiver who makes excuses for why family members should not visit, suggests that visits upset the client, or tries to control when and how often you see your loved one is exhibiting isolating behavior. Isolation is a hallmark tactic of abusers because it removes witnesses and makes the vulnerable person more dependent on the abuser.

A good caregiver welcomes family involvement and understands that open communication with the family is part of quality care. Any attempt to limit your access should be addressed immediately and firmly.

## What to Do When You See Red Flags

Identifying a problem is only the first step. What you do next matters just as much.

### Document Everything

Start keeping a written record as soon as you notice something concerning. Note dates, times, specific observations, and the names of any caregivers involved. Take photographs of injuries, save text messages or emails, and keep copies of any financial records that show irregularities. This documentation will be critical if you need to file a complaint or take legal action.

### Communicate Directly with the Agency

Contact the agency's management — not just the caregiver — and describe your concerns clearly. A responsible agency will take your concerns seriously, investigate the situation, and take corrective action. Ask for a written response and a clear plan for how they will address the issue.

Pay attention to how the agency responds. Do they listen and take accountability, or do they minimize your concerns and become defensive? Their response will tell you whether this agency deserves your continued trust.

### Escalate When Necessary

If the agency does not respond adequately, or if you believe your loved one is in immediate danger, do not hesitate to escalate. You have several options depending on the severity of the situation:

- **File a complaint with your state's home care licensing board.** Every state has an agency responsible for regulating home care providers, and they have the authority to investigate and take action.
- **Contact the Long-Term Care Ombudsman program.** Ombudsmen advocate for the rights of people receiving long-term care services and can help mediate disputes or investigate complaints.
- **Report to Adult Protective Services (APS).** If you suspect abuse, neglect, or exploitation, contact your state's APS hotline. In most states, certain professionals are mandated reporters, but anyone can — and should — report suspected elder abuse.
- **Call 911.** If your loved one is in immediate physical danger, do not wait. Call emergency services first, then follow up with reports to the appropriate agencies.

### Switch Agencies if Needed

You are never obligated to continue with an agency that is not meeting your standards or keeping your loved one safe. If you have lost confidence in the agency, begin looking for a replacement. Most agencies can begin care within a few days, so the transition does not have to leave your loved one without support for long.

When switching, request copies of your loved one's care plan and any documentation the current agency has on file.

## How to Verify an Agency Before Hiring

A little due diligence before you hire can save you from many of the problems described above.

### Check State Licensing

Most states require home care agencies to be licensed. Contact your state's Department of Health or the agency that oversees home care licensing to verify that the provider holds a valid, current license. Ask whether any complaints have been filed and what the outcomes were. Many states maintain searchable online databases.

### Search the Better Business Bureau

The BBB maintains records of consumer complaints and how businesses respond to them. An agency with a pattern of unresolved complaints deserves extra scrutiny. A good BBB rating does not guarantee quality care, but a poor record is a meaningful data point.

### Read Online Reviews Thoughtfully

Look at reviews on Google, Yelp, and home care-specific platforms. Pay more attention to patterns than to individual reviews. A single negative review may reflect a one-time problem or an unreasonable expectation. But if multiple reviewers describe the same issues — poor communication, frequent caregiver changes, missed visits, billing problems — that pattern is worth taking seriously.

### Ask for and Actually Call References

When an agency provides references, follow through. Prepare specific questions: How long have you used this agency? How does the agency handle problems when they arise? Have you experienced caregiver turnover? Would you recommend them to a friend? The answers you get from real families are often more revealing than anything on the agency's website.

## Understanding Elder Abuse and Your Reporting Obligations

It is important to understand that the red flags described in this guide can sometimes point to elder abuse — a serious issue that affects millions of older Americans each year. Elder abuse can take many forms.

### Types of Elder Abuse

- **Physical abuse** involves the use of force that results in pain, injury, or impairment. This includes hitting, pushing, rough handling, and inappropriate use of restraints.
- **Emotional or psychological abuse** includes verbal assaults, threats, intimidation, humiliation, and isolation. It can be harder to detect but is just as damaging.
- **Neglect** occurs when a caregiver fails to provide necessary care, resulting in harm. This can include withholding food, medication, hygiene assistance, or medical care.
- **Financial exploitation** involves the unauthorized or improper use of a vulnerable person's funds, property, or assets. It is the most commonly reported form of elder abuse.
### Reporting Responsibilities

If you suspect that your loved one or any older adult is being abused, neglected, or exploited, you have a moral obligation to report it — and in many states, a legal one. Most states have mandatory reporting laws for certain professionals, but voluntary reports from family members are equally important and are taken seriously by investigators.

The Eldercare Locator (1-800-677-1116 or eldercare.acl.gov) can help you find local resources and reporting contacts. In an emergency, always call 911 first.

## Staying Vigilant Without Losing Trust

Finding home care for a loved one requires a balance between healthy vigilance and reasonable trust. The vast majority of caregivers enter this profession because they care deeply about helping others. By knowing what to watch for, verifying credentials, maintaining open communication, and staying actively involved in your loved one's care, you create an environment where good caregivers can do their best work and problems are caught early.

Take the time to research agencies carefully, ask the hard questions, and trust your instincts when something does not feel right. The effort you put into finding the right agency is one of the most important investments you can make in your family member's well-being.

If you are beginning your search, [Senior Home Care Finder](https://seniorhomecarefinder.com) can help you compare agencies in your area. Browse local providers, read about the services they offer, and take the first step toward finding care you can trust.",A bad home care agency can put your loved one at risk. Learn the warning signs to watch for during your search and after care begins so you can protect your family.,Senior Home Care Finder Staff,3/27/2026,https://res.cloudinary.com/dnmrgvjdm/image/upload/v1773974849/Screening_fu6jay.png,"Not all home care agencies are created equal. Learn the warning signs of a bad agency, how to spot problems early, and what to do if you encounter red flags.",Published,,Guides
30 Engaging Activities for Seniors Living at Home,activities-for-seniors-at-home,"Staying active and engaged is one of the most important things a senior can do for their overall well-being. Research consistently shows that mentally stimulating activities reduce the risk of cognitive decline, physical movement supports independence, and social connection wards off the loneliness that too many older adults experience. The good news is that none of this requires a gym membership or a packed social calendar. Many of the most beneficial activities can happen right at home, with minimal equipment and at whatever pace feels comfortable.

Below you will find 30 activities organized into five categories. Each one includes a brief explanation of why it matters and practical tips for getting started. We have also noted which activities work well for different ability levels, so whether your loved one is fully mobile, dealing with limited mobility, or navigating early cognitive decline, there is something here for everyone.

## Mental Stimulation

Keeping the mind active is just as important as keeping the body moving. Activities that challenge memory, language, and problem-solving skills help maintain cognitive function and can slow the progression of age-related mental decline.

### 1. Puzzles

Jigsaw puzzles, crosswords, and Sudoku engage spatial reasoning, pattern recognition, and concentration. They provide a satisfying sense of accomplishment and can be worked on over days or weeks at a leisurely pace. Start with puzzles that match current ability and gradually increase the difficulty. Large-piece jigsaw puzzles are a great option for those with limited dexterity or mild vision challenges.

**Best for:** All ability levels, including limited mobility and early cognitive decline.

### 2. Reading Clubs

Reading keeps the brain engaged with narrative, vocabulary, and comprehension. A book club adds a social layer, giving seniors something to look forward to and discuss with others. Many libraries offer virtual book clubs, and some senior centers host them over the phone. Audiobooks and large-print editions make reading accessible for those with vision difficulties.

**Best for:** All ability levels. Audiobooks are ideal for those with limited vision or mobility.

### 3. Learning a Language

Language learning activates multiple areas of the brain simultaneously, strengthening memory and executive function. Studies suggest that bilingualism may even delay the onset of dementia symptoms. Free apps like Duolingo make it easy to practice for just ten or fifteen minutes a day, and many community colleges offer beginner language courses designed for older adults.

**Best for:** Mobile seniors and those with limited mobility. Most effective for those without significant cognitive decline.

### 4. Brain Games

Dedicated brain-training games, whether on a tablet, computer, or in printed workbooks, target specific cognitive skills like processing speed, attention, and short-term memory. They are designed to be brief and repeatable, making them easy to fit into a daily routine. Look for apps such as Lumosity or BrainHQ, or pick up a book of logic puzzles from a local bookstore.

**Best for:** All ability levels. Digital versions work well for those with limited mobility.

### 5. Memoir Writing

Writing down memories and life stories exercises recall, language skills, and emotional processing. It also creates a meaningful keepsake for family members. Seniors do not need to write a full autobiography. Guided memoir journals with prompts like ""Describe your favorite childhood holiday"" make the process approachable and enjoyable. For those who find writing difficult, recording spoken stories on a phone or tablet works just as well.

**Best for:** All ability levels. Oral recording is a good alternative for those with limited mobility or dexterity.

### 6. Trivia

Trivia games stimulate long-term memory and general knowledge recall. They are naturally social, making them a wonderful activity to share with visiting family members, caregivers, or friends over video calls. Trivia card decks organized by decade are especially popular because they tap into memories from a senior's younger years. Online trivia platforms and television game shows are also easy, no-setup options.

**Best for:** All ability levels, including early cognitive decline when focused on long-term memory topics.

## Creative Activities

Creative pursuits provide a unique combination of mental engagement, fine motor skill exercise, and emotional expression. They can be deeply calming and offer tangible results that boost confidence and self-worth.

### 7. Painting and Drawing

Art does not require formal training to be therapeutic. Watercolor painting, colored pencil sketching, and adult coloring books all engage focus, hand-eye coordination, and creative thinking. Many seniors discover a passion for art later in life when they finally have the time to explore it. Tabletop easels and ergonomic brush grips make painting accessible for those with arthritis or limited hand strength.

**Best for:** Mobile seniors and those with limited mobility. Adapted tools help with dexterity challenges.

### 8. Knitting and Crocheting

These fiber arts are rhythmic and meditative, reducing stress while keeping hands nimble. They also produce useful items like scarves, blankets, and hats that can be gifted or donated. YouTube tutorials make it easy to learn new stitches, and many craft stores sell starter kits with large needles designed for beginners or those with joint stiffness.

**Best for:** Mobile seniors and those with limited mobility who retain hand dexterity.

### 9. Gardening

Gardening offers gentle physical activity, exposure to sunlight, and the satisfaction of nurturing living things. It has been shown to lower cortisol levels and improve mood. For seniors who cannot manage a full outdoor garden, container gardening on a patio or windowsill herb gardens bring the same benefits on a smaller scale. Raised garden beds and long-handled tools reduce the need to bend or kneel.

**Best for:** Mobile seniors. Container and indoor gardening work for those with limited mobility.

### 10. Cooking and Baking

Preparing food engages all five senses and involves planning, measuring, and sequencing, all of which are valuable cognitive exercises. Baking in particular can be soothing because of its predictable steps and rewarding results. Focus on simple, familiar recipes that bring back positive memories. Adaptive kitchen tools like jar openers, rocker knives, and non-slip cutting boards make the kitchen safer and more accessible.

**Best for:** Mobile seniors. Simplified tasks like mixing or decorating can include those with limited mobility or cognitive decline.

### 11. Playing Music

Whether playing an instrument, singing along to favorite songs, or learning something new on a keyboard, music engages memory, motor skills, and emotion in powerful ways. Music therapy is one of the most well-documented interventions for improving mood and reducing agitation in seniors with dementia. Even those who have never played an instrument can enjoy simple percussion instruments like shakers or hand drums.

**Best for:** All ability levels. Especially beneficial for those with cognitive decline.

### 12. Scrapbooking

Organizing photos, ticket stubs, and other keepsakes into a scrapbook is a meaningful way to revisit cherished memories. It exercises fine motor skills and provides a structured creative outlet. Digital scrapbooking on a tablet is an alternative for those who find cutting and gluing difficult. Working on a scrapbook with a grandchild or caregiver adds a wonderful social dimension.

**Best for:** Mobile seniors and those with limited mobility. Reminiscence-based scrapbooking is helpful for early cognitive decline.

## Physical Activities

Regular physical activity helps seniors maintain strength, balance, and flexibility, all of which are essential for preventing falls and preserving independence. The activities below can be adapted to a wide range of ability levels.

### 13. Chair Exercises

Chair-based workouts allow seniors to build strength and improve circulation without the risk of falls. Exercises like seated marches, arm raises, and leg extensions can be done in any sturdy chair. Many free chair exercise videos are available on YouTube, and some are specifically designed for seniors with conditions like arthritis or Parkinson's disease. Even fifteen minutes a day can make a noticeable difference in energy and mobility.

**Best for:** All ability levels, including limited mobility.

### 14. Gentle Yoga

Yoga improves flexibility, balance, and breathing while also reducing anxiety and promoting relaxation. Chair yoga is an excellent adaptation for seniors who cannot easily get down to a mat. Many senior centers and community organizations offer classes, and online platforms provide guided sessions at every level. Focus on slow, controlled movements and avoid any poses that cause discomfort.

**Best for:** Mobile seniors. Chair yoga is suitable for limited mobility.

### 15. Walking Programs

Walking is one of the simplest and most effective forms of exercise for older adults. A daily walk around the block, through a park, or even up and down a hallway improves cardiovascular health, strengthens bones, and lifts mood. Walking with a companion adds a safety element and a social benefit. For those who need support, a walker or cane should always be used, and flat, well-lit routes are safest.

**Best for:** Mobile seniors. Indoor walking (hallways or mall walking) is an option for those with moderate limitations.

### 16. Dance

Dancing combines physical movement with music, memory, and joy. It improves coordination, balance, and cardiovascular fitness. Seniors can dance in the living room to favorite records, follow along with a video, or attend a community dance class. Seated dancing is a popular modification where upper body movements follow the rhythm of the music. Many seniors find that dance brings back happy memories and is far more enjoyable than traditional exercise.

**Best for:** Mobile seniors. Seated dance is suitable for limited mobility.

### 17. Stretching Routines

A daily stretching routine keeps muscles limber, reduces stiffness, and can alleviate chronic pain. It is especially valuable first thing in the morning or after sitting for long periods. Simple stretches for the neck, shoulders, back, and legs can be done standing or seated. Resistance bands add gentle challenge without heavy weights. A caregiver or physical therapist can help design a routine tailored to individual needs and limitations.

**Best for:** All ability levels, including limited mobility.

## Social Activities

Social isolation is a serious health risk for seniors, linked to increased rates of depression, cognitive decline, and even heart disease. Staying connected with others does not require leaving the house. Many meaningful social interactions can happen from the comfort of home.

### 18. Video Calls with Family

Technology has made it easier than ever for seniors to see and speak with loved ones regardless of distance. Regular video calls on a tablet or smartphone provide face-to-face interaction that phone calls alone cannot match. Setting a consistent schedule, like a Sunday morning call with grandchildren, gives seniors something to anticipate. A caregiver can help set up the device and troubleshoot any technical issues.

**Best for:** All ability levels. Especially valuable for those with limited mobility.

### 19. Pen Pals

Letter writing is a meaningful and personal form of communication that many seniors find more comfortable than digital alternatives. Writing and receiving physical mail is exciting at any age. Organizations like Letters Against Isolation connect volunteers with seniors who want a pen pal. The act of writing by hand also exercises fine motor skills and cognitive function.

**Best for:** Mobile seniors and those with limited mobility who retain hand dexterity. Dictating letters is an option for others.

### 20. Volunteer Work

Contributing to a cause provides a strong sense of purpose and belonging. Many volunteer opportunities can be done from home, such as knitting items for hospitals, writing cards for deployed military members, or making phone calls to check on other isolated seniors. Local volunteer centers and national organizations like AARP can connect seniors with projects that match their interests and abilities.

**Best for:** All ability levels, depending on the volunteer task.

### 21. Community Classes

Many community centers, libraries, and houses of worship offer classes designed for older adults, from art and history to computer skills and current events discussion groups. Virtual classes have expanded access dramatically, allowing seniors to participate from home. These structured gatherings provide regular social contact and intellectual stimulation. A caregiver can help with transportation to in-person classes or with setting up the technology for virtual ones.

**Best for:** Mobile seniors. Virtual classes are excellent for those with limited mobility.

### 22. Pet Therapy

Interaction with animals has been shown to lower blood pressure, reduce feelings of loneliness, and increase oxytocin levels. Seniors who cannot care for a full-time pet can benefit from visits by therapy animals through local organizations. Some families find that a low-maintenance pet like a cat or a small dog provides steady companionship without being overwhelming. Robotic companion pets are another option that requires no feeding or veterinary care but still provides comfort.

**Best for:** All ability levels. Robotic pets are a good option for those with cognitive decline.

## Sensory and Calming Activities

Not every moment needs to be filled with structured activity. Sensory experiences that engage sight, sound, smell, and touch can be deeply relaxing and are especially valuable for seniors who experience anxiety, sundowning, or restlessness.

### 23. Bird Watching

Watching birds from a window or porch is a peaceful activity that connects seniors with the natural world. It encourages observation, patience, and curiosity. A simple bird feeder placed within view of a favorite chair can attract a surprising variety of species. Field guides or bird identification apps add a learning element. Many birding communities have online forums where enthusiasts share sightings and photographs.

**Best for:** All ability levels, including limited mobility and cognitive decline.

### 24. Aromatherapy

Certain scents have well-documented calming effects. Lavender promotes relaxation, peppermint can improve alertness, and citrus scents tend to lift mood. Essential oil diffusers, scented sachets, or simply bringing fresh flowers into the home are all easy ways to introduce pleasant aromas. It is important to ensure the senior does not have sensitivities or allergies before introducing new scents, and essential oils should never be applied directly to the skin without proper dilution.

**Best for:** All ability levels. Particularly soothing for those with cognitive decline or anxiety.

### 25. Listening to Music

Passive music listening, distinct from playing an instrument, is one of the most accessible and powerful activities for seniors. Familiar songs from a person's youth can unlock memories, improve mood, and reduce agitation even in advanced dementia. Creating personalized playlists on a streaming service, playing CDs, or tuning into a favorite radio station requires no physical effort at all. The Music and Memory program is a well-known initiative that provides personalized playlists to seniors in care settings.

**Best for:** All ability levels. One of the most effective activities for advanced cognitive decline.

### 26. Tactile Crafts

Working with textured materials like clay, fabric, sand, or beads provides sensory input that can be calming and grounding. Tactile activities are especially useful for seniors with dementia who may find verbal communication difficult but respond well to hands-on engagement. Simple projects like molding clay, sorting buttons by color, or feeling different fabric swatches can be surprisingly absorbing. Fidget blankets with zippers, buttons, and ribbons are another popular option.

**Best for:** All ability levels, including advanced cognitive decline.

### 27. Nature Sounds and Guided Relaxation

Recordings of rain, ocean waves, forest birdsong, and other natural soundscapes promote relaxation and can improve sleep quality. Guided relaxation and meditation recordings designed for seniors provide gentle instruction for deep breathing and progressive muscle relaxation. These can be played on a phone, tablet, smart speaker, or dedicated sound machine. Even ten minutes of guided relaxation before bed can meaningfully improve rest.

**Best for:** All ability levels, including limited mobility and cognitive decline.

## Bringing It All Together

The best activity is the one your loved one actually enjoys. Start by considering their past hobbies, current interests, and physical abilities. Introduce new activities gently and without pressure. Some days a vigorous chair exercise session might feel right, while other days a quiet afternoon of bird watching and music is exactly what is needed. Variety matters, but so does routine. Having a loose weekly schedule with a mix of mental, creative, physical, social, and calming activities provides structure without rigidity.

It is also worth noting that many of these activities are more enjoyable and more sustainable when shared with someone else. A caregiver who plays a round of trivia, helps set up a watercolor station, or simply sits and listens to music alongside a senior transforms a solitary activity into a meaningful connection.

## How a Companion Caregiver Can Help

Many families find that a professional companion caregiver makes all the difference in helping a senior stay active and engaged at home. Companion caregivers do more than assist with daily tasks. They bring energy, conversation, encouragement, and creativity into the home. A good companion caregiver will learn what your loved one enjoys, introduce new activities at a comfortable pace, and provide the gentle motivation that keeps seniors participating rather than withdrawing.

If you are looking for in-home care that goes beyond the basics, a companion caregiver may be exactly what your family needs. Browse our [directory of home care agencies](/) to find trusted providers in your area who specialize in keeping seniors active, connected, and living their best lives at home.
","Boredom and isolation are real risks for seniors living at home. Here are 30 activities that promote mental sharpness, physical health, social connection, and joy — organized by ability level.",Senior Home Care Finder Staff,3/16/2026,https://res.cloudinary.com/dnmrgvjdm/image/upload/v1773975117/30Activities_uzkim7.png,"Keeping seniors engaged and active at home improves mental health, cognitive function, and quality of life. Discover 30 activities organized by physical ability and interest.",Published,,Resources
Understanding Medicaid Home Care Waivers: A State-by-State Overview,understanding-medicaid-home-care-waivers,"Every year, millions of older Americans and their families face one of the most stressful financial questions in aging: how do you pay for home care? Most families quickly discover that Medicare covers only limited, short-term skilled care — not the ongoing personal assistance that many seniors need. What far too many families never learn is that Medicaid offers a powerful set of programs specifically designed to pay for long-term home care services. These programs, known as Home and Community-Based Services waivers, exist in every state and cover everything from personal care aides to home modifications. If your loved one has limited income and assets and needs regular help at home, there is a real chance that Medicaid can cover it.

This guide explains how HCBS waivers work, who qualifies, what services they cover, and how to navigate the application process.

## What Are Medicaid HCBS Waivers?

Medicaid Home and Community-Based Services (HCBS) waivers allow states to use Medicaid funding to pay for care delivered in a person's home or community rather than in a nursing home or institutional setting. The concept is straightforward: if someone qualifies for the level of care a nursing home provides, the state can ""waive"" certain Medicaid rules and instead pay for that care to be delivered at home — usually at a fraction of the cost.

The federal government provides the framework, but each state designs and administers its own waiver programs. This means the specific services offered, the eligibility criteria, and even the names of the programs vary significantly from state to state. Texas calls its program STAR+PLUS. California runs In-Home Supportive Services (IHSS). New York offers the Consumer Directed Personal Assistance Program (CDPAP). The underlying concept is the same, but the details differ in ways that matter.

### The History Behind These Programs

HCBS waivers trace their origins to 1981, when Congress added Section 1915(c) to the Social Security Act. Before that, Medicaid had a strong institutional bias — if you needed long-term care, Medicaid would pay for a nursing home, but it would not pay for comparable services delivered at home. The 1915(c) provision changed that by allowing states to apply for federal waivers to serve people in their homes and communities instead.

The movement accelerated dramatically after the 1999 Supreme Court decision in Olmstead v. L.C., which ruled that unjustified institutionalization of people with disabilities is a form of discrimination under the Americans with Disabilities Act. The Olmstead decision created a legal imperative for states to provide community-based care options, and it remains one of the most important civil rights rulings in the history of aging and disability services.

Since then, a sustained national ""rebalancing"" effort has shifted Medicaid long-term care spending away from institutions and toward community-based services. Today, the majority of Medicaid long-term care dollars go to HCBS rather than nursing facilities — a reversal from just two decades ago.

## Types of Medicaid Home Care Waivers

Not all Medicaid home care programs are structured the same way. Understanding the different types helps you know what to look for in your state.

### 1915(c) Waivers

These are the original and most common HCBS waivers. Each state can operate multiple 1915(c) waivers targeted at different populations — older adults, people with physical disabilities, people with intellectual and developmental disabilities, and others. A state might run one waiver specifically for seniors and adults with physical disabilities and a separate waiver for people with traumatic brain injuries. These waivers require that participants meet a nursing-home level of care to qualify, and they typically have a capped number of participants, which is why waiting lists exist.

### 1915(i) State Plan Amendments

Unlike 1915(c) waivers, 1915(i) programs do not require participants to meet a nursing-home level of care. The eligibility criteria are less restrictive, which means they can serve people earlier in the trajectory of their care needs — before they reach a crisis point. However, the range of services may be more limited. Not all states offer 1915(i) options, but for those that do, they can be a valuable entry point for seniors who need some help but do not yet need the intensive level of support a nursing home provides.

### 1915(k) Community First Choice

Community First Choice (CFC) is a Medicaid state plan option that provides home and community-based attendant services to people who meet an institutional level of care. States that adopt CFC receive an enhanced federal matching rate — an extra six percentage points — which gives them a strong financial incentive to participate. CFC programs must offer personal care services, and they must include a self-directed care option. As of now, a growing number of states have adopted or are exploring CFC, and it is often one of the most robust home care benefit options available.

## Who Qualifies for Medicaid HCBS Waivers?

Eligibility for HCBS waivers involves two separate assessments: financial eligibility and functional eligibility. You must meet both.

### Financial Eligibility

Medicaid is a means-tested program, so your income and assets must fall below certain thresholds. The specific limits vary by state, but general guidelines include:

- **Income limits:** Many states use the ""special income rule"" for institutional care, which sets the income limit at 300 percent of the Supplemental Security Income (SSI) federal benefit rate. In 2026, this works out to roughly $2,900 per month for an individual. Some states have lower limits, and some use different methodologies.
- **Asset limits:** Most states set the asset limit at $2,000 for an individual. Your home, one vehicle, personal belongings, and certain other assets are typically excluded from the count. If you are married, there are spousal impoverishment protections that allow the non-applicant spouse to retain a significantly higher level of assets and income.
- **Spend-down provisions:** If your income is slightly above the limit, many states allow you to ""spend down"" by deducting medical expenses from your countable income. Some states also offer Medicaid planning tools such as qualified income trusts (also called Miller Trusts) to help people who are over the income limit become eligible.

Financial eligibility rules vary enough from state to state that what disqualifies you in one state might be acceptable in another. Consulting with your local Medicaid office or an elder law attorney is almost always worthwhile.

### Functional Eligibility

Beyond the financial requirements, you must demonstrate that you need a level of care comparable to what a nursing home provides. This is assessed through a functional evaluation — typically an in-home assessment conducted by a nurse or social worker from the state Medicaid agency or its contractor.

The assessment evaluates your ability to perform activities of daily living (ADLs) such as bathing, dressing, toileting, and transferring, as well as instrumental activities (IADLs) like managing medications and preparing meals. Cognitive impairment is also factored in. The general standard is that you need regular, ongoing assistance with multiple daily activities to qualify.

## What Services Are Covered?

One of the strengths of HCBS waivers is the breadth of services they can cover. While every state designs its own service package, common covered services include:

- **Personal care assistance:** Help with bathing, dressing, grooming, toileting, mobility, and other activities of daily living. This is the core service most families are looking for.
- **Homemaker and chore services:** Light housekeeping, laundry, meal preparation, and grocery shopping.
- **Respite care:** Temporary relief for family caregivers, available in-home or at an adult day center or facility. Most waivers include a set number of respite hours per year.
- **Adult day health services:** Structured daytime programs that provide supervision, social activities, meals, and sometimes health monitoring outside the home.
- **Home modifications:** Ramps, grab bars, widened doorways, accessible bathrooms, and other modifications that make it safer to live at home. Most states cap the amount they will spend on modifications.
- **Assistive technology and medical equipment:** Items like personal emergency response systems, specialized beds, wheelchair ramps, and communication devices.
- **Skilled nursing and therapy:** Some waivers include periodic skilled nursing visits or physical, occupational, and speech therapy beyond what Medicare covers.
- **Care management:** A dedicated case manager who helps organize services and monitor the care plan.
- **Transportation and meals:** Non-emergency medical transportation and home-delivered meal programs.

Many states set an individual cost cap — often a percentage of the average cost of nursing home care — and allow participants to receive any combination of covered services up to that amount.

## How to Apply: A Step-by-Step Guide

Navigating the Medicaid HCBS application process can feel overwhelming, but breaking it into steps makes it more manageable.

### Step 1: Contact Your Local Medicaid Office or Aging Agency

Start by reaching out to your state Medicaid agency or your local Area Agency on Aging (AAA). You can find your nearest AAA through the Eldercare Locator at eldercare.acl.gov or by calling 1-800-677-1116. These agencies can tell you which waiver programs are available in your state, whether there are open slots or waiting lists, and how to begin the application.

### Step 2: Complete the Medicaid Financial Application

Submit a formal Medicaid application documenting your income, assets, and expenses. Gather bank statements, tax returns, Social Security award letters, pension statements, and property deeds. Many states now allow online applications.

### Step 3: Request a Functional Assessment

Once financial eligibility is established (or sometimes concurrently), the state will arrange a functional assessment to determine whether you meet the level-of-care requirement. A nurse or social worker will visit your home or conduct the assessment at a local office. Be honest and thorough during this assessment — describe your worst days, not your best. If you sometimes fall, sometimes forget medications, or sometimes cannot get out of bed, make sure the assessor knows.

### Step 4: Develop a Care Plan

If you are found eligible, a case manager will work with you and your family to develop an individualized care plan. This plan specifies which services you will receive, how many hours per week, and which providers will deliver them. You have input into this plan, and you should advocate for the services you truly need.

### Step 5: Choose Your Providers

In most states, you can choose from a list of approved home care agencies or, in programs that allow self-direction, hire your own caregivers — sometimes including family members. Your case manager can provide a list of Medicaid-participating agencies in your area.

### Step 6: Begin Services

Once the care plan is approved and providers are in place, services begin. Your case manager will check in periodically to reassess your needs and adjust the plan as your situation changes.

## The Waiting List Reality

Many states have significant waiting lists for HCBS waiver slots. Because 1915(c) waivers cap the number of participants, demand often exceeds supply. Wait times range from a few months to several years, and some states have tens of thousands of people waiting. This does not mean you should delay applying — the opposite is true.

### Strategies for Dealing with Waiting Lists

- **Apply as early as possible.** Your place in line typically starts from the date of your application. Even if your loved one does not need intensive services today, getting on the list now could save you years of waiting.
- **Ask about other programs.** While waiting for a 1915(c) waiver, you may qualify for Medicaid state plan services, 1915(i) services, or other state-funded home care programs that do not have waiting lists.
- **Contact your Area Agency on Aging.** AAAs often know about local resources, grant-funded programs, and nonprofit services that can bridge the gap while you wait.
- **Check your status regularly.** Call the waiver program periodically to confirm you are still on the list and to update your contact information. People do fall off lists due to administrative errors.
- **Explore emergency or priority slots.** Most states reserve some waiver slots for people in crisis — those at imminent risk of institutionalization, experiencing abuse or neglect, or being discharged from a hospital with no safe home care plan. If your situation is urgent, make sure the program knows.

## Self-Directed Care Options

Many HCBS waiver programs offer the option to self-direct your care. Under self-direction, you (or a designated representative) act as the employer of your caregivers — you recruit, hire, train, and supervise your own workers. In many cases, you can hire family members or friends as paid caregivers, compensating them for work they may already be doing.

Many states offer self-directed options within their waiver programs, though the specific rules about who can be hired vary. If self-direction interests you, ask your case manager whether it is available in your state and what the requirements are. Most self-directed programs provide a fiscal intermediary — a third-party organization that handles payroll, taxes, and workers' compensation — so you do not have to manage those administrative details yourself.

## Notable State Programs

While every state runs HCBS programs, a few stand out for their scope and the number of people they serve.

**New York's CDPAP** is one of the largest self-directed home care programs in the nation. It allows recipients to hire family members as paid caregivers and covers both personal care and skilled nursing tasks. **California's IHSS** serves over 700,000 people, making it the largest publicly funded home care program in the country, with relatively straightforward enrollment. **Texas STAR+PLUS** integrates acute care and long-term services through managed care organizations that coordinate all Medicaid benefits including home care. **Pennsylvania's Community HealthChoices** similarly delivers HCBS through managed care and has helped the state shift significant spending from nursing homes to community-based settings.

## How to Find Agencies That Accept Medicaid

Once approved for a waiver, you need to find an agency that participates in the program. Not all agencies accept Medicaid, and quality varies. Start by asking your case manager for a current provider list. Check that any agency you consider is state-licensed and has no outstanding complaints. Ask about caregiver background checks, training requirements, and supervision practices. If possible, interview the agency and speak with current clients before committing — this is someone who will be in your loved one's home regularly.

## Moving Forward

Medicaid HCBS waivers represent one of the most significant funding sources for home care in the United States, yet many families who could benefit never apply because they do not know these programs exist. If your loved one needs help at home and has limited financial resources, the application process takes patience, but the potential benefit — reliable, funded home care that allows aging safely at home — makes the effort worthwhile.

If you are looking for home care agencies in your area that accept Medicaid, [browse our directory](/) to find providers near you. You can search by city and state to see agencies that serve your community, including those that participate in Medicaid waiver programs.",Medicaid Home and Community-Based Services waivers are one of the most important — and most underused — ways to pay for home care. Here is how they work and how to access them in your state.,Senior Home Care Finder Staff,4/22/2026,https://res.cloudinary.com/dnmrgvjdm/image/upload/v1773975373/Medicaid_Options_hqxwic.png,"Medicaid HCBS waivers can pay for home care services in every state. Learn how these programs work, who qualifies, how to apply, and what services are covered.",Published,,Financial Planning
Preparing Your Home for Winter: Senior Safety Tips,preparing-for-winter-senior-safety,"Every year, winter arrives with a familiar set of challenges — shorter days, bitter cold, ice-covered walkways, and the kind of isolation that settles in when leaving the house feels like too much effort. For most people, these inconveniences are manageable. For seniors living at home, they can be genuinely dangerous.

Older adults are more vulnerable to nearly every winter hazard. They lose body heat faster, recover from falls more slowly, and face higher risks from respiratory illness and social isolation. According to the Centers for Disease Control and Prevention, adults over 65 account for the majority of hypothermia-related deaths in the United States. Falls on ice send hundreds of thousands of older adults to emergency rooms each winter. And the quiet toll of seasonal loneliness can be just as damaging to long-term health as any physical injury.

The good news is that most winter risks are preventable with the right preparation. Whether you are a family caregiver, an adult child living far away, or a senior planning ahead for yourself, this guide covers the practical steps you can take to ensure a safe, warm, and connected winter season.

## Why Winter Is Especially Dangerous for Seniors

Before diving into specific preparations, it helps to understand why cold weather poses such outsized risks for older adults. The dangers go well beyond slippery sidewalks.

### Hypothermia Risk

The human body becomes less efficient at regulating temperature with age. Older adults produce less body heat, and their bodies are slower to recognize when core temperature is dropping. Certain medications, including beta-blockers and sedatives, can further impair the body's ability to respond to cold. This means a senior can develop hypothermia in conditions that would merely feel uncomfortable to a younger person — even inside a poorly heated home.

### Falls on Ice and Snow

Falls are already the leading cause of injury among older adults. Add ice, snow, and wet surfaces to the equation, and the risk multiplies significantly. Reduced mobility, diminished balance, vision changes, and inappropriate footwear all contribute to winter falls. A broken hip from a fall on an icy driveway can set off a chain of complications — surgery, hospitalization, loss of independence — that fundamentally changes a senior's life.

### Carbon Monoxide Poisoning

Winter means furnaces, space heaters, and fireplaces running for months on end. Older heating systems can develop cracks or leaks that release carbon monoxide, an odorless, colorless gas that is particularly deadly because it offers no warning signs. Seniors may be slower to recognize symptoms like headache, dizziness, and confusion, or may attribute them to other health conditions.

### Isolation and Seasonal Depression

Short days, bad weather, and dangerous driving conditions can keep seniors confined to their homes for weeks at a time. This isolation feeds directly into depression, cognitive decline, and a general deterioration in health. Research consistently shows that prolonged social isolation carries health risks comparable to smoking fifteen cigarettes a day. Winter amplifies this problem dramatically for older adults who already have limited mobility.

### Flu and Respiratory Illness

Cold, dry air irritates the respiratory system, and spending more time indoors increases exposure to viruses. Adults over 65 are at significantly higher risk for serious complications from influenza, pneumonia, and other respiratory infections. A case of the flu that a younger person might shake off in a week can lead to hospitalization or worse for a senior with underlying health conditions.

## Outdoor Safety: Preventing Falls and Cold Exposure

The area between the front door and the mailbox becomes one of the most dangerous places for a senior during winter. Taking outdoor precautions seriously can prevent the kind of fall that changes everything.

### Ice and Snow Removal

Arrange for reliable snow and ice removal before the first storm hits. This is not something most seniors should attempt themselves — shoveling snow is strenuous enough to trigger heart attacks even in younger adults.

- Hire a neighborhood teenager, a landscaping service, or a snow removal company. Many communities also have volunteer programs that clear walkways for seniors.
- Keep a supply of ice melt or sand near the front and back doors. Avoid rock salt if possible, as it can damage concrete and is harmful to pets.
- Make sure the path from the door to the car, mailbox, and trash bins stays clear throughout the season, not just after major storms.

### Proper Footwear

Shoes and slippers worn indoors all year are not safe for winter conditions. Seniors who do go outside should wear boots or shoes with non-slip soles and good ankle support. Strap-on ice cleats that fit over regular shoes are inexpensive and can provide a significant improvement in traction on icy surfaces. Avoid smooth-soled dress shoes, worn-out sneakers, or anything with a heel.

### Limiting Trips in Bad Weather

Some outings can wait. Encourage seniors to check weather forecasts before planning errands and to reschedule non-urgent appointments when conditions are poor. Stock up on essentials so there is no need to venture out during ice storms or extreme cold. When trips are necessary, allow extra time and move slowly and deliberately.

### Medical Alert Devices

A personal emergency response system — the kind worn as a pendant or wristwatch — can be a lifeline if a senior falls outside in cold weather and cannot get up. Some newer devices include fall detection and GPS tracking, which are especially valuable during winter when a fall in the driveway could mean lying in the cold for an extended period before anyone notices. If your loved one does not already have a medical alert device, winter is an excellent time to invest in one.

## Heating Safety: Staying Warm Without New Risks

Keeping the home warm is essential, but heating equipment is a leading cause of home fires and carbon monoxide poisoning. Safe heating requires attention to both equipment and habits.

### Furnace Maintenance

Have the furnace inspected and serviced by a qualified technician before heating season begins. A professional can check for cracks in the heat exchanger, clean or replace filters, and verify that the system is operating safely and efficiently. This is especially important for older furnaces that may not have been serviced recently.

- Replace furnace filters monthly during heavy use. A dirty filter forces the system to work harder and can reduce air quality.
- Make sure all heating vents are unblocked by furniture, rugs, or drapes.
- If the home uses a boiler or radiator system, bleed radiators to remove trapped air that prevents them from heating properly.

### Space Heater Dangers

Portable space heaters cause roughly 1,700 home fires per year in the United States. If a senior uses a space heater, make sure it has an automatic shut-off feature that activates if the unit tips over. Place it on a hard, flat surface at least three feet from anything flammable — curtains, bedding, upholstered furniture, newspapers. Never use an extension cord with a space heater, and never leave one running while sleeping or away from home.

### Carbon Monoxide Detectors

Install carbon monoxide detectors on every level of the home and near sleeping areas. Test them monthly and replace batteries at least twice a year. If detectors are more than seven years old, replace them entirely. Consider models with digital displays that show current CO levels, not just alarms that activate at dangerous thresholds. If the home has an attached garage, never let a car idle inside it, even with the garage door open.

### Keeping the Home Above 68 Degrees

The World Health Organization recommends maintaining indoor temperatures of at least 68 degrees Fahrenheit for older adults. Some seniors turn the heat down to save money, not realizing that a home at 60 or 62 degrees can contribute to hypothermia over time. If heating costs are a concern, look into the Low Income Home Energy Assistance Program (LIHEAP), which provides federal funds to help qualifying households pay heating bills. Many utility companies also offer budget billing programs that spread costs evenly across the year.

## Preventing Hypothermia

Hypothermia does not require sub-zero temperatures. It can develop indoors in a home that is not adequately heated, or outdoors in conditions that seem moderate. Knowing the signs and taking preventive measures is critical.

### Recognizing the Signs

Early symptoms of hypothermia include shivering, confusion, slurred speech, drowsiness, and a slow or shallow breathing pattern. In seniors, shivering may be less pronounced or absent entirely, making other signs — especially confusion and unusual drowsiness — more important to watch for. Cold hands, feet, or a puffy face can also indicate that the body is struggling to maintain its core temperature. Hypothermia is a medical emergency. If you suspect it, call 911 and begin warming the person gradually with blankets and warm beverages while waiting for help.

### Layering Clothing

Encourage seniors to dress in layers even when staying indoors. A base layer of moisture-wicking fabric, a warm middle layer like fleece or wool, and a heavier outer layer for going outside provides effective, adjustable warmth. Do not overlook the extremities — warm socks, slippers with non-slip soles, a hat, and gloves are essential. A significant amount of body heat escapes through the head and feet.

### Warm Beverages and Meals

Hot soup, tea, coffee, and warm meals help maintain core body temperature from the inside out. Avoid alcohol, which causes blood vessels to dilate and actually accelerates heat loss despite the initial sensation of warmth. Regular warm meals also help combat the tendency some seniors have to eat less during winter.

### Checking on Elderly Neighbors

If you have older neighbors who live alone, make a point of checking on them regularly during cold snaps. A quick knock on the door or a phone call can make the difference between a manageable situation and a medical emergency. Encourage the senior in your life to participate in a buddy system with neighbors or friends, where each person checks on the other daily during severe weather.

## Winter Driving Considerations

Driving in winter is risky for everyone, but slower reflexes, reduced vision, and medications that cause drowsiness make it especially hazardous for older drivers.

If your loved one still drives, ensure their vehicle is winter-ready. This means checking the battery, tires (including tire pressure, which drops in cold weather), antifreeze, windshield wipers, and headlights. Keep a winter emergency kit in the car: a blanket, flashlight, extra warm clothing, a phone charger, bottled water, snacks, a small shovel, and sand or kitty litter for traction.

However, the safest option during severe weather is simply not to drive. Encourage seniors to use rides from family, friends, volunteer driver programs, or ride-share services when conditions are poor. Many communities offer senior transportation programs specifically designed to provide safe rides to medical appointments and essential errands. If a home care agency is involved, transportation assistance is often part of the care plan.

## Stocking Up: Medications, Groceries, and Emergency Supplies

Being caught without essential supplies during a winter storm is more than an inconvenience for a senior living alone. It can be a health crisis.

### Medications

Refill all prescriptions before storm season begins. Aim to keep at least a two-week supply on hand at all times during winter. Ask the pharmacy about mail-order options or automatic refill programs that ensure medications arrive without requiring a trip to the store. Keep an up-to-date list of all medications, dosages, and the prescribing physician's contact information in an easily accessible place.

### Groceries and Household Supplies

Stock the pantry with non-perishable foods that are easy to prepare: canned soups, oatmeal, peanut butter, crackers, canned fruit, and shelf-stable milk. Make sure there are enough batteries for flashlights and a battery-powered or hand-crank radio in case of power outages. Keep extra blankets, candles, matches, and a manual can opener within easy reach.

### Emergency Supplies

Prepare a basic emergency kit that includes a first-aid kit, extra blankets, a flashlight with fresh batteries, a battery-powered phone charger, bottled water, and a written list of emergency contacts including doctors, family members, and neighbors. If the senior uses medical equipment that requires electricity — such as an oxygen concentrator or CPAP machine — have a plan for power outages that may include a backup generator, battery pack, or a pre-arranged arrangement to stay with family or go to a warming center.

## Staying Connected: Combating Winter Isolation

Social isolation during winter is a slow-acting but serious health threat. Families should plan proactively to keep their loved one connected, engaged, and emotionally well throughout the cold months.

### Regular Communication

Set up a schedule of daily or near-daily check-ins by phone, video call, or text. Video calls are particularly valuable because they allow you to see your loved one's condition, the state of their home, and their general demeanor. Even a brief five-minute call can break the monotony of a long winter day and provide reassurance on both sides.

### Community Resources

Many senior centers, churches, and community organizations offer winter programs specifically designed to keep older adults engaged — exercise classes, hobby groups, card games, and social lunches. Some offer transportation to and from events. Libraries often host book clubs and other activities that give seniors a reason to leave the house and interact with others. Investigate what is available in your loved one's community before winter sets in.

### Wellness Checks

For seniors who live alone, arrange for regular in-person wellness checks during winter. This might be a neighbor who stops by every morning, a family member who visits twice a week, or a professional caregiver who comes on a schedule. The person checking in should look for signs of problems — an unusually cold house, spoiled food in the refrigerator, an unkempt appearance, confusion, or signs that the person has not been eating or bathing.

## Health Precautions for Cold Weather

Winter health risks extend beyond cold exposure. Taking a few proactive steps in the fall can prevent serious illness during the months ahead.

### Flu Shots and Vaccinations

Every senior should get a flu shot before the start of flu season, ideally by the end of October. Adults over 65 should ask their doctor about the high-dose flu vaccine, which is specifically formulated to produce a stronger immune response in older adults. Pneumonia vaccines and updated COVID-19 boosters should also be current. These vaccinations do not guarantee immunity, but they significantly reduce the risk of severe illness and hospitalization.

### Vitamin D

Shorter days and less time outdoors mean less natural sunlight, which is the body's primary source of vitamin D. Deficiency is common among older adults during winter and has been linked to weakened bones, a compromised immune system, and increased risk of depression. Ask a doctor whether a vitamin D supplement is appropriate, and include vitamin D-rich foods like fortified milk, salmon, and eggs in the diet.

### Staying Active Indoors

Physical activity is essential for maintaining strength, balance, and mood, but icy sidewalks and frigid temperatures make outdoor exercise impractical for most seniors during winter. Chair exercises, gentle yoga, stretching routines, and walking laps inside the house or a mall can help maintain fitness safely. Many communities offer indoor walking programs at senior centers or recreation facilities. Online exercise videos designed for older adults are another accessible option.

## How Home Care Helps During Winter

Winter is one of the seasons when the value of professional in-home care becomes most apparent. A home care aide provides not just physical assistance but a consistent, caring human presence during the months when isolation, cold, and limited mobility create the most risk.

### Transportation

A caregiver can drive your loved one to medical appointments, the pharmacy, and the grocery store — eliminating the need for a senior to navigate icy roads or wait at bus stops in the cold. This alone can prevent falls, missed appointments, and the kind of self-imposed isolation that comes from dreading the drive.

### Wellness Checks and Safety Monitoring

Regular visits from a caregiver serve as built-in wellness checks. A professional who sees your loved one several times a week will notice subtle changes — increased confusion, weight loss, a cold house, signs of depression — that a family member calling from out of state might miss. They can check that the furnace is working, the walkways are clear, and the home is safe and warm.

### Meal Preparation

Warm, nutritious meals are one of the simplest and most effective defenses against winter health risks. A caregiver can prepare meals, stock the refrigerator, and make sure your loved one is eating regularly. This is especially important for seniors who tend to skip meals when they are feeling low or when getting to the kitchen feels like too much effort.

### Companionship

Perhaps the most undervalued benefit of home care during winter is simple human companionship. Having someone to talk to, share a meal with, or play cards with can lift spirits and break the cycle of isolation that makes winter so hard for many older adults. The presence of a trusted caregiver can transform a long, lonely winter day into something manageable and even enjoyable.

Winter does not have to be a season of fear and risk for the seniors in your life. With thoughtful preparation, the right safety measures, and a strong support system, your loved one can stay safe, warm, healthy, and connected until spring arrives. If you are exploring options for winter support, a local home care agency can help you build a care plan that addresses the specific challenges your family faces during the cold months. Use our [directory](/) to find trusted home care providers in your area and take the first step toward a safer winter for the people you love.","Cold weather, icy walkways, and shorter days create serious safety risks for seniors living at home. This guide covers everything families need to do to prepare for a safe winter.",Senior Home Care Finder Staff,5/16/2026,https://res.cloudinary.com/dnmrgvjdm/image/upload/v1773975800/Checking_in_on_Neighbor_tjr7vs.png,"Winter brings unique dangers for seniors including falls on ice, hypothermia, isolation, and carbon monoxide risks. Learn how to prepare your loved one's home for a safe winter.",Published,,Tips
Why I Built Senior Home Care Finder: A Personal Story,why-i-built-this-site,"I want to share my family's story — the experience that led me to build this site.

It starts with my father, and it starts a long time ago.

## A Man From the Greatest Generation

My dad was from the Greatest Generation. He grew up as a young boy during the Depression, one of seven children — three boys and four girls. He was the youngest of the boys and older than two of his sisters. My dad was primarily raised by his oldest sister, Lorene, because my grandmother needed the help. Although my grandparents did a wonderful job raising their children, knowing my Aunt Lorene, I believe my father was truly blessed by her support as a kid.

My father served in the Navy during World War II. When he returned, he married his childhood sweetheart, Virginia. He was a hardworking man who retired from the civil service after 39 years at NAS Jacksonville. Because of his upbringing and the things he went through as a child, my dad was a man of few words. From the outside, he could be intimidating to my friends, but behind that stern, strong appearance was a good man and a good father. He and my mom did everything they could to give my brother and me the best childhood, and we never went without — especially the way my mom and dad had during the Great Depression.

I didn't truly appreciate that until much later in my life. And unfortunately, long after my dad had gone to be with the Lord.

## The Diagnosis

I share this background to give you a small window into the life of my father, so you can understand why the services provided by hospice meant so much to our family during his final days — more than 37 years ago. It seems like yesterday in so many ways.

My dad was diagnosed with oat cell cancer in early 1987, shortly after turning 60 years old. He was three years younger than I am now, which makes me truly appreciate how devastating it must have been for him and my mother when he was told he had 12 to 18 months to live.

I will never forget the look on his face when he received that news. I saw the strongest man I had ever known crumble for the first time. He was strong, but that was too much for him to hide. Knowing my father, he was probably as devastated by what it meant for us as by what it meant for him.

The next 18 months — yes, the doctors were unfortunately right with their prediction — were a long and painful battle. Chemotherapy, radiation, and much more. My dad did not go down without a fight, but it was brutal.

## When Our Family Could No Longer Do It Alone

It finally reached the point where my mother, my brother, my dad's siblings, and our extended family could no longer manage my father's care on our own. I would be remiss if I did not give special thanks to my dad's youngest sister's husband, Uncle Johnny, who was there for us in ways I will never forget.

This is when I was introduced to hospice.

I had never heard of them before, and I quickly realized how much of a blessing — and an answer to our prayers — they were for my father and our entire family.

## What Hospice Did for Us

The hospice team assisted my mother in creating a comfortable living environment for my father and provided her with the resources and knowledge she needed to manage his care when professional support was not available. The care they provided to my father was incredible. They did everything they could to make his last days as peaceful as possible despite this horrible disease.

But what I did not expect was what they did for the rest of us.

Hospice did not just take care of my dad. They counseled my mom. They made certain to inform all of the family — every one of us — about the dos and don'ts of caring for my father, and even of simply being around him during that time.

One piece of advice has stayed with me for 37 years. They were firm in telling us to never have negative conversations around my father, even if he appeared to be asleep or in a coma. They explained that hearing is the last sense to go.

With that knowledge, I took every opportunity I could at my dad's bedside to tell him how thankful I was for him. How much I loved him. And that I would see him again real soon — and that he would have a perfect body then.

Looking back, the burden that hospice lifted from my mother's shoulders was immeasurable. And the guidance they gave our family helped us be present for my father in the way he deserved during his final days.

## The Experience That Came Eleven Years Later

This experience alone would have been enough to shape my perspective on home care for life. But eleven years later, our family found ourselves in a similar situation with my mother. I could write a book about that journey — and about the angel from Hospice of Northeast Florida who walked alongside us through it.

These two experiences — my father's passing and my mother's — are the reason this site exists.

## Why Senior Home Care Finder Exists

I built [Senior Home Care Finder](/) because I know what it feels like to realize your family needs help. I know the confusion of not knowing where to turn. And I know the relief of finding the right people — compassionate, skilled professionals who treat your loved one with the dignity they deserve.

Not every family needs hospice. But every family navigating care for an aging parent deserves access to good information and good options. Whether you need a companion to check in on your mom a few hours a week, or around-the-clock support for a parent with dementia, or help recovering after surgery — the right agency is out there. This site is designed to help you find them.

If this site supports your care or that of your senior loved one, its creation will have been worthwhile. I hope it serves as a tribute to my parents and reflects my gratitude for the home care they received in their later years.","This site was born from personal experience. Two experiences, actually — my father's battle with cancer in 1988 and my mother's journey eleven years later. Here is the story behind Senior Home Care Finder and why it exists.",Kevin Collins,3/20/2026,https://res.cloudinary.com/dnmrgvjdm/image/upload/v1774013029/WBC_WWII_demiz6.png,The personal experience behind Senior Home Care Finder — how hospice care for my father and mother inspired me to help other families find the home care support they need.,Published,,News